Key,English,ChineseSimplified,ChineseTraditional,Spanish,French,Russian,Portuguese,Japanese,Korean
100/100,100/100,100/100,,,,,,100/100,100/100
正在加载地图资源，请耐心等待,"Loading map resources, please wait",正在加载地图资源，请耐心等待,,,,,,マップリソースをロード中です。しばらくお待ちください。,지도 리소스를 로드하는 중입니다. 잠시 기다려 주십시오.
0%,0%,0%,,,,,,0%,0%
MetaWorld,MetaWorld,MetaWorld,,,,,,MetaWorld,MetaWorld
广告奖励,Advertising Rewards,广告奖励,,,,,,広告報酬,광고 보상
看广告可以使用这个厉害的武器哟~,Watch ads to use this powerful weapon!,看广告可以使用这个厉害的武器哟~,,,,,,広告を見ればこの強力な武器を使うことができますよ~,광고를 보시면 이 강력한 무기를 사용하실 수 있습니다~
取消,Cancel,取消,,,,,,キャンセル,취소
免费获取,FREE,免费获取,,,,,,無料で入手,무료로 받으세요
Text,Text,Text,,,,,,Text,Text
使用,Use,使用,,,,,,使用,사용
Play Ads,Play Ads,Play Ads,,,,,,Play Ads,Play Ads
天阶高级斗技,Advanced Battle Skill,天阶高级斗技,,,,,,天界レベルの高度な戦闘スキル,천국 수준의 고급 전투 기술
点击获得,Tap to get,点击获得,,,,,,クリックして入手,얻으려면 클릭하세요
未拥有,Not owned,未拥有,,,,,,所有していない,소유하지 않음
333/333,333/333,333/333,,,,,,333/333,333/333
斗技斗技,Fighter,斗技斗技,,,,,,戦闘スキル 戦闘スキル,격투 스킬 격투 스킬
"这里是角色套装界面,可以选择炫酷的技能进行战斗。","Here is the Character Suit interface, you can choose cool skills to fight.","这里是角色套装界面,可以选择炫酷的技能进行战斗。",,,,,,これはキャラクタースーツのインターフェースで、戦闘用のクールなスキルを選択できます。,전투에 필요한 멋진 스킬을 선택할 수 있는 캐릭터 슈트 인터페이스는 다음과 같습니다.
点击任意位置继续……,Tap anywhere to continue ......,点击任意位置继续……,,,,,,続行するには任意の場所をクリックしてください…,계속하려면 아무 곳이나 클릭하세요…
斗技功法,fighting technique,斗技功法,,,,,,格闘技,전투 기술
捏脸换装,Face Change,捏脸换装,,,,,,顔の変化,얼굴 변화
背景音乐,Music,背景音乐,,,,,,バックグラウンドミュージック,배경 음악
在线奖励,Online Rewards,在线奖励,,,,,,オンライン特典,온라인 보상
领取任务,Receive Tasks,领取任务,,,,,,タスクを取得する,작업 받기
排行榜,Leaderboard,排行榜,,,,,,ランキング一覧,순위 목록
免费升级,Free Upgrade,免费升级,,,,,,無料アップグレード,무료 업그레이드
点我回家,Take me home.,点我回家,,,,,,クリックして家に帰ります,집에 가려면 클릭하세요
STAY,STAY,STAY,,,,,,STAY,STAY
攻击力：999,ATK: 999,攻击力：999,,,,,,攻撃力：999,공격력 : 999
超凡大师 Lv.999,Master Lv.999,超凡大师 Lv.999,,,,,,超越マスター Lv.999,초월 마스터 레벨.999
血量:100/100,Health: 100/100,血量:100/100,,,,,,HP:100/100,체력:100/100
斗气:100/100,Qi: 100/100,斗气:100/100,,,,,,格闘気：100/100,격투기:100/100
经验：9999999/9999999,EXP: 9999999/9999999,经验：9999999/9999999,,,,,,経験値: 9999999/9999999,경험치: 9999999/9999999
是否开启队友误伤,Do you want to activate teammate damage?,是否开启队友误伤,,,,,,チームメイトの偶発的な怪我を可能にするかどうか,팀원 우발적 부상 허용 여부
已开启防御,Defense Enabled,已开启防御,,,,,,防御がオンになりました,방어가 켜졌습니다
999999999,999999999,999999999,,,,,,999999999,999999999
九连杀！超越神啦！,Nine Kills! Beyond God!,九连杀！超越神啦！,,,,,,9連続キル！神を超えて！,9연속 킬! 신을 넘어서!
复活倒计时,Respawn Countdown,复活倒计时,,,,,,復活へのカウントダウン,부활을 향한 카운트다운
3,3,3,,,,,,3,3
复活后2秒内无敌,Invincible for 2s after respawn,复活后2秒内无敌,,,,,,復活後2秒以内に無敵になる,부활 후 2초 이내에 무적 상태가 됩니다.
你是谁你是谁你是,Who are you? Who are you?,你是谁你是谁你是,,,,,,あなたは誰ですか、あなたは誰ですか、あなたは誰ですか,당신은 누구입니까? 당신은 누구입니까?
 击败 , Defeat , 击败 ,,,,,, ビート , 이기다 
×36000,×36000,×36000,,,,,,×36000,×36000
随机2个永久套装,Random 2 permanent sets,随机2个永久套装,,,,,,ランダムな永久セット 2 個,무작위 영구 세트 2개
02:59:44,02:59:44,02:59:44,,,,,,02:59:44,02:59:44
已领取,Claimed,已领取,,,,,,受け取った,받았다
可领取,Available,可领取,,,,,,コレクション可能,수집 가능
超凡大师 等级Lv.999,Master Lv.999,超凡大师 等级Lv.999,,,,,,特級マスターレベル Lv.999,초특급 마스터 레벨 Lv.999
爱玩游戏的小胖子,Game-playing little fat guy.,爱玩游戏的小胖子,,,,,,ゲームが大好きなデブ男,게임을 좋아하는 뚱뚱한 남자
确定要花费200000购买此英雄套装吗？,Are you sure you want to spend 200k coins on this Hero Set?,确定要花费200000购买此英雄套装吗？,,,,,,"このヒーロー セットを購入するのに 200,000 ドルを費やしてもよろしいですか?","정말로 이 영웅 세트를 구입하기 위해 200,000를 쓰시겠습니까?"
确定,Confirm,确定,,,,,,もちろん,확신하는
免费使用,Free to use,免费使用,,,,,,自由に使用できます,무료로 사용
需要花费200000金币购买,"Requires 200,000 coins to purchase",需要花费200000金币购买,,,,,,"購入には200,000金貨が必要です","구입하는데 200,000금화가 필요합니다."
看广告可免费使用一次,Watch ads to use once,看广告可免费使用一次,,,,,,広告視聴時に1回のみ無料で使用可能,광고 시청 시 1회 무료 사용 가능
未获得,Not Obtained,未获得,,,,,,未取得,획득하지 못함
限时,Time Limit,限时,,,,,,期間限定,제한된 시간
保存,Save,保存,,,,,,保存,구하다
登陆游戏 (1/1),Log in (1/1),登陆游戏 (1/1),,,,,,ゲームにログイン(1/1),게임에 로그인(1/1)
500,500,500,,,,,,500,500
50000,50000,50000,,,,,,50000,50000
领取奖励,Claim,领取奖励,,,,,,報酬を請求する,보상 청구
未完成,Incomplete,未完成,,,,,,未完了,완료되지 않음
每日任务,Daily Quest,每日任务,,,,,,日々のタスク,일일 업무
剩余: 15小时,Remaining: 15h,剩余: 15小时,,,,,,残り： 15時間,남은 금액: 15시간
任务已全部完成，等待刷新...,Please wait for the tasks to be refreshed.,任务已全部完成，等待刷新...,,,,,,すべてのタスクが完了し、更新を待っています...,모든 작업이 완료되었습니다. 새로고침을 기다리는 중입니다...
每周任务,Weekly,每周任务,,,,,,毎週のタスク,주간 작업
1000,1000,1000,,,,,,1000,1000
100,100,100,,,,,,100,100
999,999,999,,,,,,999,999
99,99,99,,,,,,99,99
全服排行榜,Global Leaderboard,全服排行榜,,,,,,サーバー全体のランキング,서버 전체 순위
排名,Ranking,排名,,,,,,ランキング,순위
名字,Name,名字,,,,,,名前,이름
等级,Level,等级,,,,,,学年,등급
高度,Height,高度,,,,,,高い,높은
击杀,Slay,击杀,,,,,,殺す,죽이다
等级模式,Level Mode,等级模式,,,,,,階層モード,계층적 모드
高度模式,Height Mode,高度模式,,,,,,高度モード,고도 모드
击杀模式,Kill Mode,击杀模式,,,,,,キルモード,킬 모드
段位 Lv.等级,Rank Lv. Level,段位 Lv.等级,,,,,,ドゥアン Lv.レベル,듀안 Lv.레벨
你所在房间内的排行榜。点击右侧排行模式按钮会刷新排行榜模式。,Leaderboard in your room. Tap the Rank Mode button on the right to refresh the leaderboard mode.,你所在房间内的排行榜。点击右侧排行模式按钮会刷新排行榜模式。,,,,,,あなたがいる部屋のリーダーボード。右側のランキングモードボタンをクリックするとランキングモードが更新されます。,현재 있는 방의 순위표입니다. 오른쪽의 순위 모드 버튼을 클릭하면 순위 모드가 새로고침됩니다.
切换房间排行榜,Switch room leaderboard,切换房间排行榜,,,,,,スイッチルームランキング,방 순위 전환
切换全服排行榜,Switch Global Leaderboard,切换全服排行榜,,,,,,サーバー全体のランキング リストに切り替える,서버 전체 순위 목록으로 전환
清晨,Morning,清晨,,,,,,早朝,이른 아침
中午,Noon,中午,,,,,,正午,정오
傍晚,Evening,傍晚,,,,,,夕方,저녁
凌晨,Morning,凌晨,,,,,,早朝,이른 아침
打招呼,Greetings,打招呼,,,,,,挨拶する,환영하다
行礼,Salute,行礼,,,,,,敬礼,경례
点赞,Like,点赞,,,,,,のように,좋다
比心,Heart Pose,比心,,,,,,比較,비교
摇头,shake your head,摇头,,,,,,頭を振る,머리를 흔들다
后空翻,Backflip,后空翻,,,,,,バックフリップ,공중제비
打CALL,CALL,打CALL,,,,,,コール,CALL
生气,Angry,生气,,,,,,怒り,화난
哭泣,Weeping,哭泣,,,,,,泣く,울다
劲舞,strong dance,劲舞,,,,,,ストロングダンス,강한 댄스
海盗舞,Pirate Dance,海盗舞,,,,,,海賊の踊り,해적춤
慢摇,Slow,慢摇,,,,,,ゆっくり振る,천천히 흔들어주세요
电子舞,electronic dance,电子舞,,,,,,エレクトロニック・ダンス,일렉트로닉 댄스
旋转,Spin,旋转,,,,,,回転させる,회전하다
扭腰,Twist Waist,扭腰,,,,,,ねじれ,트위스트
炫舞,show off dancing,炫舞,,,,,,ダンスを披露,춤 뽐내기
舞蹈,Dance,舞蹈,,,,,,ダンス,춤
嘻哈舞,hip-hop dance,嘻哈舞,,,,,,ヒップホップ,힙합
跳跃舞姿,leap,跳跃舞姿,,,,,,飛躍,도약
街舞,Hiphop,街舞,,,,,,ヒップホップ,힙합
霹雳舞,Breakdance,霹雳舞,,,,,,ブレイクダンス,브레이크 댄스
太空步,moonwalk (dance),太空步,,,,,,ムーンウォーク,문워크(댄스)
洛基,Loki,洛基,,,,,,ロキ,로키
太阳神,Sun God,太阳神,,,,,,太陽神,태양신
宇智波斑,Wave Spot,宇智波斑,,,,,,うちはマダラ,우치하 마다라
纳米机甲女性,Nano Mecha Female,纳米机甲女性,,,,,,ナノメカメス,나노메카 암컷
死侍,Deathrattle,死侍,,,,,,デッドプール,데드풀(비디오 게임 시리즈)
火山哨兵,sentinel of a volcano,火山哨兵,,,,,,火山哨兵,화산의 파수꾼
绯红女巫,Crimson Witch,绯红女巫,,,,,,緋色の魔女,스칼렛 마녀
钢铁侠,Steel Man,钢铁侠,,,,,,アイアンマン,철인
雷神,Thor,雷神,,,,,,雷神,토르
蜘蛛侠,Spider Person,蜘蛛侠,,,,,,スパイダーマン,스파이더맨
金刚狼,Wolvie,金刚狼,,,,,,ウルヴァリン、コミックのスーパーヒーロー,코믹북 슈퍼히어로 울버린
女浩克,Female Holk,女浩克,,,,,,女性ハルク,여성 헐크
绿巨人,Hulk,绿巨人,,,,,,ハルク,폐선
天神,Legendary,天神,,,,,,天神,신들
机甲少女,Mecha Girl,机甲少女,,,,,,メカガール,메카 소녀
雏田,Hinata,雏田,,,,,,雏田,"고다 다이스케(1934-), 일본 정치인, 2007-2010년 총리"
路飞,Luffy,路飞,,,,,,ルフィ,루피
佐助,Sasuke,佐助,,,,,,佐助,사스케
全局UI点击音效,Global UI Tap Sound,全局UI点击音效,,,,,,グローバルUIのクリック音,글로벌 UI 클릭 사운드
冷兵器-武器,Cold weapons -- weapons,冷兵器-武器,,,,,,コールド・ウェポンズ - 兵器,차가운 무기 - 무기
冷兵器-受击动画,Cold Weapon - Strike Animation,冷兵器-受击动画,,,,,,コールド・ウェポン - ストライク・アニメーション,냉기 무기 - 타격 애니메이션
冷兵器-受击特效,Cold Weapons - Impact Effects,冷兵器-受击特效,,,,,,コールドウェポン - 衝撃効果,냉기 무기 - 충격 효과
冷兵器-角色,Cold Warriors - Characters,冷兵器-角色,,,,,,コールド・ウォリアーズ - 登場人物,냉전 전사 - 캐릭터
冷兵器-待机动画,Cold Warrior - Standby Animation,冷兵器-待机动画,,,,,,コールド・ウェポン - スタンバイ・アニメーション,콜드 워리어 - 대기 애니메이션
冷兵器-翅膀特效,Cold Weapon - Wings FX,冷兵器-翅膀特效,,,,,,コールド・ウェポン - ウィングスFX,콜드 웨폰 - 윙스 FX
角色Icon,Character Icon,角色Icon,,,,,,キャラクター・アイコン,캐릭터 아이콘
暴金币,violent gold coinage,暴金币,,,,,,兇状金貨,폭력적인 금화
墓碑,Tombstone,墓碑,,,,,,墓石,묘비
冲刺资源（音效、特效动画）,"Sprint resources (sound effects, special effects animation)",冲刺资源（音效、特效动画）,,,,,,スプリント・リソース（音響効果、特殊効果アニメーション）,"스프린트 리소스(음향 효과, 특수 효과 애니메이션)"
jump资源,jump resources,jump资源,,,,,,ジャンプリソース,점프 리소스
巨人资源,Giants Resources,巨人资源,,,,,,ジャイアンツ・リソース,자이언츠 리소스
冷兵器-攻击动画,Cold Weapon - Attack Animation,冷兵器-攻击动画,,,,,,コールド・ウェポン - 攻撃アニメーション,냉기 무기 - 공격 애니메이션
NPC动画,NPC Animation,NPC动画,,,,,,NPCアニメーション,NPC 애니메이션
寻路特效,Pathfinding Effect,寻路特效,,,,,,パスファインダー効果,패스 파인더 효과
目标点特效,Target Point Effect,目标点特效,,,,,,目標ポイント効果,타겟 포인트 효과
斗技|皮肤|装备|魔兽,Fighting|Skins|Equipment|Wraiths,斗技|皮肤|装备|魔兽,,,,,,戦い方|スキンシップ|装備|レイス,전투|피부|장비|유령
悟空法杖,Goku Staff,悟空法杖,,,,,,悟空スタッフ,오공의 직원
赛博自来也长枪,Cyber Zetsuya Long Gun,赛博自来也长枪,,,,,,サイバー・ゼツヤ・ロングガン,사이버 제츠야 롱건
海王双头刀,Neptune's Double-Headed Knife,海王双头刀,,,,,,ネプチューンの双頭ナイフ,해왕성의 양날의 칼
美国队长神锤,Captain America Hammer,美国队长神锤,,,,,,キャプテン・アメリカ・ハンマー,캡틴 아메리카 해머
毒液斧头,Venom Axe,毒液斧头,,,,,,ヴェノム・アックス,독 도끼
灭霸斧,the Axe of the Exterminator,灭霸斧,,,,,,駆除業者の斧,퇴치사의 도끼
鸣人手里剑,Naruto Shuriken (sword),鸣人手里剑,,,,,,ナルト手裏剣,나루토 수리검(검)
未来战士黄金剑,Futuristic Golden Sword,未来战士黄金剑,,,,,,未来的な黄金の剣,미래형 황금 검
森林哨兵魔法仗,Forest Sentinel Magic Battle,森林哨兵魔法仗,,,,,,フォレスト・センチネル・マジック・バトル,숲의 수호자 마법 전투
手枪(索尼克专用),Pistol (Sonic-specific),手枪(索尼克专用),,,,,,ピストル（ソニック用）,권총(소닉용)
信号枪(粉毛怪专用),Flare gun (for pink-furred monsters),信号枪(粉毛怪专用),,,,,,フレアガン（ピンクの毛のモンスター用）,플레어 건(분홍색 털 몬스터용)
刀(纲手专用),Sword (for Tsunade),刀(纲手专用),,,,,,剣（綱手用）,검 (츠나데용)
刀(李洛克专用),Knife (for Lykke Li),刀(李洛克专用),,,,,,ナイフ（リッケ・リーのために）,나이프(리케 리용)
镰刀(干柿鬼鲛专用),Scythe (for Kakinoki Onigiri),镰刀(干柿鬼鲛专用),,,,,,大鎌（キンカキモチ用）,낫(킨카키모치용)
镰刀(赛博女孩专用),Scythe (for Cyber Girls),镰刀(赛博女孩专用),,,,,,大鎌（サイバーガールズ向け）,낫(사이버 소녀용)
冰封剑(黑寡妇专用),Frozen Sword (for Black Widow),冰封剑(黑寡妇专用),,,,,,フローズン・ソード（ブラック・ウィドウ用）,프로즌 소드(블랙 위도우용)
怪物爪刀,monster claw knife,怪物爪刀,,,,,,モンスタークローナイフ,몬스터 클로 나이프
大砍刀(卡卡西专用),Machete (for Kakashi),大砍刀(卡卡西专用),,,,,,マチェーテ（カカシ用）,마체테(카카시용)
法杖(宇智波鼬专用),Staff (For Uchiha Weasel),法杖(宇智波鼬专用),,,,,,スタッフ（うちはイタチ用）,직원 (우치하 족제비용)
水枪,Water Gun,水枪,,,,,,水鉄砲,물총
冰钻剑,Diamond Sword,冰钻剑,,,,,,アイスダイヤモンドソード,아이스 다이아몬드 소드
屠刀,Butcher Knife,屠刀,,,,,,肉屋のナイフ,정육점 칼
蓝色法杖(洛基专用),Blue Staff (for Loki),蓝色法杖(洛基专用),,,,,,青い杖（ロキ用）,파란색 지팡이(로키용)
镰刀(太阳神专用),Scythe (for Helios),镰刀(太阳神专用),,,,,,大鎌（ヘリオス用）,낫(헬리오스용)
恶魔剑(宇智波斑爷专用),Devil's Sword (For Master Uchiha),恶魔剑(宇智波斑爷专用),,,,,,妖刀（うちは師匠用）,악마의 검 (우치하 마스터용)
剑(纳米机器人专用),Sword (for nanobots),剑(纳米机器人专用),,,,,,ソード（ナノボット用）,소드(나노봇용)
镰刀(死侍专用),Scythe (for Deadpool),镰刀(死侍专用),,,,,,大鎌（デッドプール用）,낫(데드풀용)
  荧光剑(火山哨兵专用),  Luminescent Sword (for Volcano Sentinel),  荧光剑(火山哨兵专用),,,,,,  ルミネセント・ソード（ボルケーノ・センチネル用）,  야광 검 (볼케이노 센티널용)
狂热剑(绯红女巫专用),Frenzy Sword (for Scarlet Witch),狂热剑(绯红女巫专用),,,,,,フェルヴァー・ソード（スカーレット・ウィッチ用）,열정의 검 (붉은 마녀용)
充气锤子,inflatable ham,充气锤子,,,,,,インフレータブルハンマー,풍선 망치
木法杖(毒液蜘蛛侠专用),Wooden Staff (for Venom Spider-Man),木法杖(毒液蜘蛛侠专用),,,,,,木製スタッフ（ヴェノム・スパイダーマン用）,나무 지팡이 (베놈 스파이더맨용)
瓜子盾,melon shield,瓜子盾,,,,,,メロン・シールド,멜론 쉴드
盾(浩克专用),Shield (for Hulk),盾(浩克专用),,,,,,シールド（ハルク用）,방패(헐크용)
终极冰环剑,Ultimate Ice Ringblade,终极冰环剑,,,,,,究極のアイスリングソード,궁극의 아이스 링 소드
散弹喷枪(雏田专用),Shotgun (for Daisy),散弹喷枪(雏田专用),,,,,,ショットガン（デイジー用）,산탄총(데이지용)
火枪(路飞专用),Musket (for Luffy),火枪(路飞专用),,,,,,マスケット銃（ルフィ用）,머스킷(루피용)
紫光剑(佐助专用),Purple Sword (Sasuke's Special),紫光剑(佐助专用),,,,,,紫剣（サスケの得意技）,보라색 검(사스케의 특기)
激光枪(天神专用),Laser gun (for Tenjin),激光枪(天神专用),,,,,,レーザー銃（天神用）,레이저 총(텐진용)
剑(金刚狼专用),Sword (for Wolverine).,剑(金刚狼专用),,,,,,剣（ウルヴァリン用）。,검(울버린용).
激光枪(钢铁侠专用),Laser gun (for Iron Man),激光枪(钢铁侠专用),,,,,,レーザー銃（アイアンマン用）,레이저 총(아이언맨용)
狐耳少女,Fox Girl,狐耳少女,,,,,,キツネ耳の女の子,여우귀 소녀
邪恶使者,Evil Envoy,邪恶使者,,,,,,悪の使者,악의 사자
长款大衣女,Long Coat,长款大衣女,,,,,,女性のロングコート,여성용 긴 코트
海绵宝宝,Spongiebob,海绵宝宝,,,,,,スポンジボブ,스폰지밥
灭霸,Thamos,灭霸,,,,,,ビッグマック（マクドナルド）,빅맥(맥도날드)
刺猬小子,hedgehog boy,刺猬小子,,,,,,ヘッジホッグ・ボーイ,고슴도치 소년
蓝衣男,Men in Blue,蓝衣男,,,,,,青いスーツの男,파란색 정장을 입은 남자
黑衣男,Men in Black,黑衣男,,,,,,黒衣の男,검은색 남자
毁灭战士,Destroyer,毁灭战士,,,,,,ドゥームスレイヤー,둠 슬레이어
黑寡妇,Black Widow,黑寡妇,,,,,,ブラック・ウィドウ,흑인 과부
可爱女,Cute Girl,可爱女,,,,,,かわいい女の子,귀여운 소녀
丸子头女,Dango Girl,丸子头女,,,,,,ミートボール頭の女の子,미트볼 머리 소녀
西方神女,Western Goddess,西方神女,,,,,,西方神女,매춘부(속어)
黑裙少女,Black Skirt Girl,黑裙少女,,,,,,黒いドレスを着た女の子,검은 드레스를 입은 소녀
短发女,Short-haired Woman,短发女,,,,,,ショートヘアの女の子,짧은 머리 소녀
旗袍女,Cheongsam Girl,旗袍女,,,,,,女性のチャイナドレス,여성용 치파오
披风男,Caped Man,披风男,,,,,,マントを着た男,망토를 입은 남자
长发女,Long-haired Girl,长发女,,,,,,長髪の女性,긴 머리 여자
双马尾女,Twin Ponytails,双马尾女,,,,,,ツインテールの女の子,쌍둥이 꼬리를 가진 소녀
长发短裙女,Long Skirt,长发短裙女,,,,,,長い髪と短いスカートの女性,긴 머리와 짧은 치마를 입은 여성
百褶裙女孩,Pleated Skirt Girl,百褶裙女孩,,,,,,女の子プリーツスカート,여자 주름 스커트
短发时尚女,Short-haired Fashion Woman,短发时尚女,,,,,,ショートヘア ファッション 女性,짧은 머리 패션 여성
长马尾女孩,Long Ponytail Girl,长马尾女孩,,,,,,長いポニーテールの女の子,긴 포니테일 소녀
长耳女,Long Ear Girl,长耳女,,,,,,耳の長い女性,귀가 긴 여자
风衣长发女,Trench Coat,风衣长发女,,,,,,トレンチコートを着た長い髪の女性,트렌치 코트를 입은 긴 머리의 여성
恶魔角女,Demon Horn Girl,恶魔角女,,,,,,ケープ・デビル・ガール,케이프 데빌 걸(속어)
和服女,Kimono Girl,和服女,,,,,,着物ガール,기모노 소녀
发卡女,Hairpin,发卡女,,,,,,カード発行の女の子,카드 발급 소녀
女仆套装女,Maid Suit,女仆套装女,,,,,,女性のメイドスーツ,여성 하녀복
帽子女,Hat Child,帽子女,,,,,,女性の帽子,여성용 모자
魔法女孩,Magic Girl,魔法女孩,,,,,,魔法少女,마법 소녀
长裙女,Long Skirt,长裙女,,,,,,女性のロングスカート,여성용 긴 스커트
杀手女,Killer Girl,杀手女,,,,,,キラーガール,킬러 소녀
巫医,Witch Doctor,巫医,,,,,,呪術師,주술사
长腿妈妈,Long Leg Mom,长腿妈妈,,,,,,母の長い足,엄마 다리가 길어
玄魁,Profound Quill,玄魁,,,,,,玄魁,쉬안쿠이
邪恶女巫,Wicked Witch,邪恶女巫,,,,,,邪悪な魔女,사악한 마녀
小丑女,Clown Girl,小丑女,,,,,,ハーレー・クイン,할리 퀸
万圣节女,Halloween Girl,万圣节女,,,,,,ハロウィン女性,할로윈 여성
屠夫,Butcher,屠夫,,,,,,肉屋,푸주한
魔莱坞学院院长,Academy Dean,魔莱坞学院院长,,,,,,マジックハリウッドアカデミー 理事長,매직할리우드아카데미 원장
迷雾鬼影,Misty Ghost,迷雾鬼影,,,,,,霧の幽霊,안개 유령
蓝毛怪,Blue Monster,蓝毛怪,,,,,,青い髪の怪物,파란 머리 괴물
狗头毛毛虫,Dog-headed Caterpillar,狗头毛毛虫,,,,,,犬頭の毛虫,개 머리 애벌레
粉毛怪,Pink Monster,粉毛怪,,,,,,白い毛むくじゃらの怪物,흰 털 괴물
索尼克,Sonik,索尼克,,,,,,ソニック,소닉
宇智波佐助,Sasuke,宇智波佐助,,,,,,うちはサスケ,우치하 사스케
长门,Long Door,长门,,,,,,長門,나가토
宇智波鼬,Ghost,宇智波鼬,,,,,,うちはイタチ,우치하 이타치
宇智波带土,Wave Zone,宇智波带土,,,,,,うちはオビト,우치하 오비토
小樱,Sakura,小樱,,,,,,さくら,사쿠라
悟空,Goku,悟空,,,,,,悟空,오공
鸣人,Naruto,鸣人,,,,,,ナルト,나루토
洛克李,Lock Lee,洛克李,,,,,,ロック・リー,록 리
索隆,Zoro,索隆,,,,,,索隆,사우론
卡卡西,Kakasi,卡卡西,,,,,,カカシ,카카시
干柿鬼鲛,Dry Ghost Cloud,干柿鬼鲛,,,,,,干し柿鬼雨,곶감 키사메
飞段,Flying Stage,飞段,,,,,,飛段,히단
大蛇丸,Snake Pill,大蛇丸,,,,,,大蛇丸,오로치마루
鹰眼,Eagle Eye,鹰眼,,,,,,鷹の目,독수리의 눈
蚁人,Ant Man,蚁人,,,,,,アントマン,앤트맨
万磁王,Magneto,万磁王,,,,,,マグニートー,마그네토
神奇女侠,Wonder Woman,神奇女侠,,,,,,神奇女侠,원더 우먼
闪电侠,Flash,闪电侠,,,,,,フラッシュ,플래시
奇异博士,Doctor Strange,奇异博士,,,,,,ドクター・ストレンジ,닥터 스트레인지
绿灯侠,Green Lantern,绿灯侠,,,,,,グリーン・ランタン,그린 랜턴
外星人,Alien,外星人,,,,,,エイリアン,외계인
兔女郎,Bunny Girl,兔女郎,,,,,,バニーガール,토끼 소녀
新娘,Bride,新娘,,,,,,新娘,신부
哨兵冰,Sentry Ice,哨兵冰,,,,,,センチネルアイス,센티넬 아이스
兔人装,Bunny Costume,兔人装,,,,,,バニーコスチューム,토끼 의상
猫人装,Cat Man,猫人装,,,,,,猫の衣装,고양이 의상
鸡人装,Chicken Outfit,鸡人装,,,,,,ニワトリの着ぐるみ,치킨 의상
海绵宝宝装,Spongiebob Costume,海绵宝宝装,,,,,,スポンジボブの衣装,스폰지밥 의상
回声战士,Echo Warrior,回声战士,,,,,,エコー戦士,메아리 전사
成都五彩熊,Chengdu colored bear,成都五彩熊,,,,,,成都のカラフルなクマ,청두의 다채로운 곰
中年冥神,Middle-aged Netherworld,中年冥神,,,,,,中年冥神,중년의 하데스
毒液,Venom,毒液,,,,,,毒液,독액
萝莉女,Lolita,萝莉女,,,,,,ロリ少女,로리걸
恶灵骑士,Evil Knight,恶灵骑士,,,,,,ゴーストライダー,고스트 라이더
狐狸尾巴,Fox Tail,狐狸尾巴,,,,,,キツネの尻尾,여우 꼬리
尾巴,Tail,尾巴,,,,,,しっぽ,꼬리
孔雀尾巴,Peacock Tail,孔雀尾巴,,,,,,孔雀の尾,공작의 꼬리
甜糕尾巴 ,Cupcake Tail ,甜糕尾巴 ,,,,,,甘いケーキの尻尾 ,달콤한 케이크 꼬리 
海蓝尾巴,Aquamarine Tail,海蓝尾巴,,,,,,海の青い尾,바다색 꼬리
橙子尾巴,Orange Tail,橙子尾巴,,,,,,オレンジ色の尾,주황색 꼬리
樱桃尾巴,Cherry Tail,樱桃尾巴,,,,,,チェリーテール,체리 테일
狐狸耳朵,Fox Ears,狐狸耳朵,,,,,,キツネの耳,여우 귀
狐狸飞行斗技,Fox Flight Fighting Technique,狐狸飞行斗技,,,,,,フォックス・フライト・テクニック,여우 비행 전투 기술
挥动的围巾,Scarf waving,挥动的围巾,,,,,,スカーフを振る,스카프 흔들기
双层飞行斗技,Double Flight Fighting Technique,双层飞行斗技,,,,,,ダブル・フライト・テクニック,이중 비행 전투 기술
飞行斗技,flight fighting technique,飞行斗技,,,,,,ひこうせんじゅつ,비행 전투 기술
火焰飞行斗技,Flying Flame Fighting Technique,火焰飞行斗技,,,,,,フライング・フレイム・ファイティング・テクニック,비행 불꽃 격투 기술
眼镜,Glasses,眼镜,,,,,,眼鏡,안경
嘻哈眼镜,Hip-hop Glasses,嘻哈眼镜,,,,,,ヒップホップメガネ,힙합 안경
100眼镜,100 Spectacles,100眼镜,,,,,,100本のメガネ,100잔
眼镜鸭舌帽,Glasses Cap,眼镜鸭舌帽,,,,,,メガネひさしキャップ,안경을 쓴 뾰족한 모자
拍照机器人,Photo Bot,拍照机器人,,,,,,写真ロボット,사진 로봇
面纱,veils,面纱,,,,,,ベール,베일
大剑,Broadsword,大剑,,,,,,大剣,대검
天使剑,Angel Sword,天使剑,,,,,,天使の剣,천사의 검
重剑,Heavy Sword,重剑,,,,,,重い剣,무거운 검
狂热剑,Mad Sword,狂热剑,,,,,,ファナティックソード,광신의 검
淬毒剑,Poisoned Sword,淬毒剑,,,,,,毒強化の剣,독으로 강화된 검
红晶剑,Red Crystal Sword,红晶剑,,,,,,赤い水晶の剣,붉은 수정 검
恶魔剑,Demon Sword,恶魔剑,,,,,,魔剣,악마검
黄金剑,Golden Sword,黄金剑,,,,,,黄金の剣,황금 검
紫光剑,Purple light sword,紫光剑,,,,,,紫光の剣,보라색 빛의 검
断重剑,Broken Sword,断重剑,,,,,,エペ,에페(펜싱)
单手刀,single-handed knife,单手刀,,,,,,片手包丁,한손 나이프
  荧光剑,  lightsaber,  荧光剑,,,,,,  ライトセーバー,  광선검
火枪,Musket,火枪,,,,,,マスケット銃,소총
手枪,Pistol,手枪,,,,,,ピストル,권총
激光枪,Laser Gun,激光枪,,,,,,レーザー銃,레이저 총
喷火枪,Flamethrower,喷火枪,,,,,,火炎放射器,화염방사기
霰弹枪,Shotgun,霰弹枪,,,,,,ショットガン,엽총
加特林,Gatlin,加特林,,,,,,ガトリング,개틀링
火箭发射器,Rocket Launcher,火箭发射器,,,,,,ロケットランチャー,로켓 발사기
狙击枪枪身,Sniper Rifle Body,狙击枪枪身,,,,,,スナイパーライフル本体,스나이퍼 라이플 바디
魔兽,mythological animal,魔兽,,,,,,神話上の動物,신화 속 동물
可爱西方龙,Cute Western Dragon,可爱西方龙,,,,,,かわいい西洋のドラゴン,귀여운 서양 용
龙摆件,Dragon Pose,龙摆件,,,,,,ドラゴンオーナメント,용 장식
帝王龙,Monarch Dragon,帝王龙,,,,,,インペリアルドラゴン,임페리얼 드래곤
地狱龙,Inferno Dragon,地狱龙,,,,,,ヘルドラゴン,헬 드래곤
糖果龙,Candy Dragon,糖果龙,,,,,,キャンディドラゴン,캔디드래곤
武士龙,Samurai Dragon,武士龙,,,,,,サムライドラゴン,사무라이 드래곤
蛇女,Snake Woman,蛇女,,,,,,蛇の女の子,뱀 소녀
络新妇,Bride of Loong,络新妇,,,,,,ネットワーク花嫁,네트워크 신부
大蜘蛛,Big Spider,大蜘蛛,,,,,,大きな蜘蛛,큰 거미
小型抱脸紫蜘蛛,Small purple-faced spider,小型抱脸紫蜘蛛,,,,,,顔を抱きしめる小さな紫色のクモ,작은 얼굴을 껴안고 있는 보라색 거미
小型抱脸红蜘蛛,small blushing spider,小型抱脸红蜘蛛,,,,,,顔を抱きしめる小さな赤い蜘蛛,작은 얼굴을 껴안고 있는 붉은 거미
小型抱脸绿蜘蛛,small face green spider,小型抱脸绿蜘蛛,,,,,,顔を抱きしめる小さな緑色のクモ,작은 얼굴을 껴안고 있는 녹색 거미
小型抱脸蓝蜘蛛,Small blue-faced spider,小型抱脸蓝蜘蛛,,,,,,小さな顔に抱きつく青い蜘蛛,작은 얼굴을 껴안고 있는 푸른 거미
灰色/乖乖女眼/现代舞者,Gray / Dislike Eye / Modern Dancer,灰色/乖乖女眼/现代舞者,,,,,,グレー/グッドガールアイズ/モダンダンサー,그레이/굿 걸 아이즈/모던 댄서
淡玫瑰色/黑人运动姐眼,Light Rose/Black Sporty Sis Eye,淡玫瑰色/黑人运动姐眼,,,,,,ライトローズ/ブラックスポーツガールアイズ,라이트 로즈/블랙 스포츠 소녀의 눈
金棕色/白人朋克男眼,Golden Brown/White Punk Eye,金棕色/白人朋克男眼,,,,,,金茶色/白のパンク男性の目,황금빛 갈색/흰색 펑크 남성 눈
紫色/白人女天使,Purple/White Angel,紫色/白人女天使,,,,,,紫/白の女性天使,보라색/흰색 여성 천사
黑色/女军人,Black/Military Woman,黑色/女军人,,,,,,黒人/女性兵士,흑인/여군
橄榄绿/红发姐眼,Olive Green/Red Haired Sister's Eye,橄榄绿/红发姐眼,,,,,,オリーブグリーン/赤髪の妹の目,올리브 그린/빨간 머리 여동생의 눈
深蓝色/警察男/黑人女模特,Dark Blue / Policeman / Black Female Model,深蓝色/警察男/黑人女模特,,,,,,ダークブルー/警察官男性/黒人女性モデル,다크블루/경찰 남성/흑인 여성 모델
浅棕色/嘎嘎姐眼,Light Brown/Galactic Eye,浅棕色/嘎嘎姐眼,,,,,,ライトブラウン/ガガシスターアイズ,라이트 브라운/가가 언니 눈
深棕色/超市女服务员/黑人运动男,Dark Brown/Supermarket Waitress/Black Sportsman,深棕色/超市女服务员/黑人运动男,,,,,,ダークブラウン/スーパーマーケットのウェイトレス/黒人のスポーツマン,다크 브라운/슈퍼마켓 웨이트리스/흑인 운동선수
蓝绿色/足球运动员/举重男,Blue Green / Soccer Player / Weightlifting Male,蓝绿色/足球运动员/举重男,,,,,,コガモ/フットボール選手/重量挙げの男性,틸/축구선수/역도선수
深紫色/红衣西装男眼,Deep Purple/Red Suit,深紫色/红衣西装男眼,,,,,,濃い紫/赤のスーツの男性の目,진한 보라색/빨간색 정장 남성 눈
蓝色/神王,Blue/King,蓝色/神王,,,,,,青/神王,블루/갓 킹
玫瑰红/小丑男,Rose Red/Joker,玫瑰红/小丑男,,,,,,ローズレッド/ピエロマン,로즈 레드/클라운 맨
浅红棕色/黑人赛车手,Light Red Brown/Black Racer,浅红棕色/黑人赛车手,,,,,,ライトレッドブラウン/ブラックレーサー,연한 적갈색/검정색 레이서
红棕色/游泳男,Red Brown/Swimman,红棕色/游泳男,,,,,,赤褐色/泳ぐ雄,적갈색/수영 수컷
粉紫色/天使男,Pink Purple/Angel,粉紫色/天使男,,,,,,ピンクパープル/エンジェルマン,핑크 퍼플/엔젤맨
透明/默认色,Transparency/Default Color,透明/默认色,,,,,,透明/デフォルトカラー,투명/기본 색상
其他部分默认肤色,Default Color for Others,其他部分默认肤色,,,,,,他の部分のデフォルトの肌の色,다른 부분의 기본 스킨 색상
白1,White 1,白1,,,,,,白1,화이트 1
白2,白2,白2,,,,,,白2,화이트 2
白3,White 3,白3,,,,,,白3,화이트 3
嘎嘎姐白,Gacha,嘎嘎姐白,,,,,,ガガシスターホワイト,가가 언니 화이트
黄1,Yellow 1,黄1,,,,,,黄1,노란색 1
黄2,Yellow 2,黄2,,,,,,黄2,노란색 2
冷棕1,Cool Brown 1,冷棕1,,,,,,クールブラウン1,쿨 브라운 1
冷棕2,Cool Brown 2,冷棕2,,,,,,クールブラウン2,쿨 브라운 2
暖棕1,Warm Brown 1,暖棕1,,,,,,ウォームブラウン1,따뜻한 갈색 1
红衣西装男棕,Brown Suit,红衣西装男棕,,,,,,赤の男性用茶色のスーツ,빨간색의 남성용 갈색 정장
黑1,Black 1,黑1,,,,,,黒1,블랙 1
黑2,Black 2,黑2,,,,,,ブラック2,블랙 2
黑人男,Black Man,黑人男,,,,,,黒人男性,흑인
黑人女,Black Woman,黑人女,,,,,,黒人女性,흑인 여성
深灰/乖乖女/白人乘务员,Dark Gray/Devious Female/White Flight Attendant,深灰/乖乖女/白人乘务员,,,,,,ダークグレー/良い子/白の客室乗務員,다크 그레이/착한 소녀/화이트 승무원
深棕/黑人女天使/红衣西装男,Dark Brown/Black Angel/Red Suit,深棕/黑人女天使/红衣西装男,,,,,,ダークブラウン/黒の女性天使/赤いスーツを着た男性,진한 갈색/검은색 여성 천사/빨간 옷을 입은 남자
红棕/天使/朋克男,Red Brown / Angel / Punk,红棕/天使/朋克男,,,,,,レッドブラウン/エンジェル/パンクマン,레드 브라운/엔젤/펑크맨
黄棕/摩登女青年,Yellow Brown/Modern Girl,黄棕/摩登女青年,,,,,,イエローブラウン/モダンな若い女性,황갈색/현대 젊은 여성
板栗色/女刺客/黑人运动男,Chestnut/Assassin/Black Sportsman,板栗色/女刺客/黑人运动男,,,,,,栗/女暗殺者/黒のスポーツマン,체스트넛/여성 암살자/흑인 스포츠맨
浅棕/乘务员/小爱神,Light Brown / Flight Attendant / Little Eros,浅棕/乘务员/小爱神,,,,,,ライトブラウン/客室乗務員/リトルキューピッド,라이트 브라운/승무원/꼬마 큐피드
肉棕/公主/游泳运动员,Meat Brown / Princess / Swimmer,肉棕/公主/游泳运动员,,,,,,肌茶色/プリンセス/スイマー,플레쉬 브라운/공주/수영선수
深绿色/超市店员,Dark Green / Supermarket Clerk,深绿色/超市店员,,,,,,ダークグリーン/スーパー店員,진한 녹색/슈퍼마켓 점원
深红色/黑女啦啦队/黑皮游泳男,Crimson/Black Cheerleader/Black Swimman,深红色/黑女啦啦队/黑皮游泳男,,,,,,ダークレッド/黒女子チアリーディング/黒水泳男子,진한 빨간색/흑인 여성 치어리더/흑인 수영 남성
粉色,Pink,粉色,,,,,,ピンク,분홍색
默认眉毛色/赛车手,Default Eyebrow Color/Racer,默认眉毛色/赛车手,,,,,,デフォルトの眉毛の色/レーサー,기본 눈썹 색상/레이서
深紫色/黑女仆,Deep Purple/Black Maid,深紫色/黑女仆,,,,,,ダークパープル/ブラックメイド,다크 퍼플/블랙 메이드
橄榄绿/红发姐,Olive Green/Redhead,橄榄绿/红发姐,,,,,,オリーブグリーン/赤髪のシスター,올리브 그린/빨간 머리 여동생
深红色/黑人运动姐,Crimson/Black Sports Sister,深红色/黑人运动姐,,,,,,深紅/黒のスポーツ少女,크림슨/블랙 스포츠 소녀
深蓝/神后/嘎嘎姐,Deep Blue / Queen Mother / Gal,深蓝/神后/嘎嘎姐,,,,,,ダークブルー/女神/シスター・ガガ,다크 블루/여신/시스터 가가
蓝黑色/警察/魔王,Blue Black / Police / Demon King,蓝黑色/警察/魔王,,,,,,ブルーブラック/警察/悪魔,블루 블랙/경찰/악마
黑色/海盗/黑海盗,Black/Pirate/Black Pirate,黑色/海盗/黑海盗,,,,,,黒/海賊/黒の海賊,블랙/해적/검은 해적
浅粉,Light Pink,浅粉,,,,,,ライトピンク,라이트 핑크
珊瑚色/乖乖女,Coral/Nice Girl,珊瑚色/乖乖女,,,,,,コーラル/いい子,산호/착한 소녀
芭比粉,Barbie,芭比粉,,,,,,バービーパウダー,바비 파우더
玫粉色,Rose-Pink,玫粉色,,,,,,ローズピンク,로즈 핑크
桃红色,Pink,桃红色,,,,,,ピンク,분홍색
橘红色/黑人运动女,Orange/Black Sportswoman,橘红色/黑人运动女,,,,,,オレンジ/黒のスポーツウーマン,오렌지/블랙 운동선수
橘色/乖乖女唇,Orange/Nice Lip,橘色/乖乖女唇,,,,,,オレンジ/グッドガールリップ,오렌지/좋은 여자 입술
裸色/大厚唇,Nude/Big Thick Lips,裸色/大厚唇,,,,,,ヌード/厚い唇,누드/두꺼운 입술
深裸色/天使女唇,Deep Nude/Angel Lip,深裸色/天使女唇,,,,,,ダークヌード/エンジェルガールリップス,다크 누드/엔젤 걸 입술
深红色/嘎嘎姐/红发女,Crimson/Gal/Redhead,深红色/嘎嘎姐/红发女,,,,,,クリムゾン/ガガシスター/赤髪の女,크림슨/가가 자매/빨간 머리 여자
深裸色/嘎嘎姐唇/红发女唇,Deep Nude/Galactic Lip/Redhead Lip,深裸色/嘎嘎姐唇/红发女唇,,,,,,ダークヌードカラー/ガガ姉妹の唇/赤毛の女性の唇,다크누드컬러/가가언니 입술/빨간머리 여자입술
黑运动女色,Black Sport,黑运动女色,,,,,,黒のスポーティな女性,검은색 스포티한 여성
大红色/泳衣女/女巫唇,Big Red / Swimsuit / Witch Lip,大红色/泳衣女/女巫唇,,,,,,ビッグレッド/水着女性/魔女の唇,빅 레드/수영복 여자/마녀 입술
黑人男厚唇色,Black Man with Thick Lips,黑人男厚唇色,,,,,,黒人男性のための厚い唇の色,흑인 남성을 위한 두꺼운 립 컬러
金黄色胡子,Golden Beard,金黄色胡子,,,,,,金色のひげ,황금빛 수염
咖啡色胡子,Brunette Beard,咖啡色胡子,,,,,,茶色のひげ,갈색 수염
深棕色,Dark Brown,深棕色,,,,,,ダークブラウン,진한 갈색
浅灰色胡子,Light Gray Beard,浅灰色胡子,,,,,,明るい灰色のひげ,밝은 회색 수염
黑胡子,Blackbeard,黑胡子,,,,,,黒ひげ,검은 수염
赛博自来也,Cyberpunk,赛博自来也,,,,,,サイバー自来也,사이버 지라이야
海王,Aquaman,海王,,,,,,海王,바다의 왕
美国队长,Captain America,美国队长,,,,,,キャプテン・アメリカ,캡틴 아메리카
神锤,Hammer,神锤,,,,,,玄翁,슬레지해머
灭霸拳套,Gloves of the Exterminator,灭霸拳套,,,,,,駆除業者の手袋,퇴치자의 장갑
斧头,Axe,斧头,,,,,,斧,도끼
未来战士,Future Warrior,未来战士,,,,,,未来の戦士,미래의 전사
森林哨兵,forest sentinel,森林哨兵,,,,,,フォレストセンチネル,포레스트 센티널
信号枪,Signal Gun,信号枪,,,,,,フレアガン,조명탄
纲手,Master,纲手,,,,,,綱手,츠나데
刀,Knife,刀,,,,,,刀,칼
李洛克,Lee Lock,李洛克,,,,,,ロック・リー,록 리
镰刀,Sickle,镰刀,,,,,,鎌,낫
赛博女孩,Cyber Girl,赛博女孩,,,,,,サイバーガール,사이버 소녀
冰封剑,Frozen Sword,冰封剑,,,,,,凍てついた剣,얼어붙은 검
怪物爪子,Monster Paw,怪物爪子,,,,,,モンスター・クロー,몬스터 발톱
鼬,Mustela (genus Mustela),鼬,,,,,,ムステラ,무스텔라(무스텔라 속)
法杖,Wand,法杖,,,,,,スタッフ,직원
冰女,female suffering absence or atresia of vagina (as birth defect),冰女,,,,,,膣閉鎖症,질 부재 또는 폐쇄증을 앓고 있는 여성(선천적 결함)
兔子,Rabbit,兔子,,,,,,うさぎ,토끼
蓝色法杖,Blue Staff,蓝色法杖,,,,,,青いスタッフ,파란색 직원
剑,Sword,剑,,,,,,剣,검
木法杖,Wooden Staff,木法杖,,,,,,木の杖,나무 지팡이
盾,Shield,盾,,,,,,盾,방패
散弹喷枪,Shotgun,散弹喷枪,,,,,,ショットガン,산탄총
乖乖女,Good Girl,乖乖女,,,,,,良い子,좋은 여자
嘎嘎姐,Gacha,嘎嘎姐,,,,,,シスター・ガガ,가가 자매
黑人运动姐,Black Sports Sister,黑人运动姐,,,,,,黒のスポーツ少女,흑인 운동선수
红发姐,Red-haired Sister,红发姐,,,,,,赤毛のお姉さん,빨간 머리 여동생
朋克男,Punk Man,朋克男,,,,,,パンクマン,펑크 맨
黑人运动男,Black Sportsman,黑人运动男,,,,,,黒人のスポーツマン,흑인 운동가
警察男,Policeman,警察男,,,,,,警官,경관
西装小丑男,Clown Man in Suit,西装小丑男,,,,,,スーツを着たピエロの男,정장을 입은 광대 남자
切换女,Switch Girl,切换女,,,,,,スイッチメス,스위치 여성
切换男,Switch,切换男,,,,,,スイッチ男性,스위치 남성
性别预设女,Gender Preset Female,性别预设女,,,,,,性別デフォルト女性,성별 기본 여성
性别预设男,Gender Preset Male,性别预设男,,,,,,性別デフォルト男性,성별 기본 남성
黑人运动女,Black Sportswoman,黑人运动女,,,,,,黒人のスポーツウーマン,흑인 운동가
红发女,Red-haired Woman,红发女,,,,,,赤毛の女性,빨간 머리 여자
黑帮女,Gangster Girl,黑帮女,,,,,,ギャングガール,갱스터 소녀
酒吧服务员男,Bartender,酒吧服务员男,,,,,,バーテンダーの男性,바텐더 남성
红色西装男,Red Suit,红色西装男,,,,,,赤いスーツを着た男,빨간 옷을 입은 남자
女矮瘦型,Skinny,女矮瘦型,,,,,,背が低くて細い女性,여성의 짧고 얇은 유형
乖乖女身材,Neat Girl,乖乖女身材,,,,,,良い女の子の姿,좋은 여자 모습
嘎嘎姐身材,Ga Ga Ga,嘎嘎姐身材,,,,,,ガガのフィギュア,가가의 피규어
男瘦矮身材,Short and Skinny,男瘦矮身材,,,,,,細くて背が低い男,마르고 키 작은 남자
红发西装适中身材,Moderate figure in a red-haired suit.,红发西装适中身材,,,,,,適度な体型のスーツを着た赤毛,적당한 몸매에 정장을 입은 빨간 머리
黑人运动男腿粗身材,Black Sportsman with Thick Legs,黑人运动男腿粗身材,,,,,,太い脚と体型を持つ黒人の運動選手,두꺼운 다리와 몸매를 가진 흑인 운동선수
警察男健壮身材,Policeman Robust Figure,警察男健壮身材,,,,,,屈強な肉体を持つ警察官,강한 신체를 가진 경찰 남자
春节旗袍套装预制,Spring Festival Cheongsam Suit,春节旗袍套装预制,,,,,,既製の春祭りチャイナドレススーツ,미리 만들어진 봄 축제 치파오 슈트
极光鱼尾裙套装预制,Aurora Fishtail Skirt Set,极光鱼尾裙套装预制,,,,,,既成オーロラフィッシュテールスカートスーツ,오로라 피쉬테일 스커트 정장 조립식
蓝黑裙套装预制,Blue & Black Skirt Suit,蓝黑裙套装预制,,,,,,既製の青と黒のスカートスーツ,미리 만들어진 파란색과 검정색 스커트 슈트
古代立领套装预制,Ancient Collar Suit Prefabricated,古代立领套装预制,,,,,,プレハブ古代スタンドカラースーツ,조립식 고대 스탠드 칼라 슈트
苏格兰套装预制,Scottish Suit,苏格兰套装预制,,,,,,スコットランドの既成スーツ,미리 만들어진 스코틀랜드 양복
朋克短袖套装预制,Punk Short Sleeves Suit,朋克短袖套装预制,,,,,,既製のパンク半袖スーツ,미리 제작된 펑크 반팔 슈트
黄金铠甲套装预制,Gold Armor Suit Prefabricated,黄金铠甲套装预制,,,,,,既製の黄金の鎧セット,미리 제작된 황금 갑옷 세트
埃及王套装预制,King of Egypt Suit,埃及王套装预制,,,,,,エジプト王セット既製,이집트왕 세트 미리 제작
海盗套装预制,Pirate Suit,海盗套装预制,,,,,,既製の海賊スーツ,해적복 미리 제작
春节套装预制,Spring Festival Suit,春节套装预制,,,,,,既製春祭りセット,미리 만들어진 봄 축제 세트
切换女套装,Switch Suit,切换女套装,,,,,,スイッチレディーススーツ,여성복 전환
切换男套装,Switch,切换男套装,,,,,,スイッチメンズスーツ,남자 정장을 바꿔보세요
学妹,Senior,学妹,,,,,,女子高生,학교 소녀
白人朋克男,White Punk,白人朋克男,,,,,,白人のパンク男,백인 펑크 남자
脸,Face,脸,,,,,,脸,얼굴
默认无腮红,Default Blushless,默认无腮红,,,,,,デフォルトでは赤面なし,기본적으로 블러셔 없음
乖乖女腮红,Cute Blush,乖乖女腮红,,,,,,グッドガール ブラッシュ,굿 걸 블러셔
嘎嘎姐腮红,Gacha Blush,嘎嘎姐腮红,,,,,,ガガ姉妹の赤面,가가 언니 블러셔
黑人运动女腮红,Black Sports Woman Blush,黑人运动女腮红,,,,,,ブラックスポーツレディースブラッシュ,블랙 스포츠 여성용 블러셔
腮红3,Blush 3,腮红3,,,,,,ブラッシュ3,블러셔 3
腮红4,Blush 4,腮红4,,,,,,ブラッシュ4,블러셔 4
腮红5,Blush 5,腮红5,,,,,,ブラッシュ5,블러셔 5
腮红6,Blush 6,腮红6,,,,,,ブラッシュ6,블러셔 6
腮红7,Blush 7,腮红7,,,,,,ブラッシュ7,블러셔 7
腮红8,Blush 8,腮红8,,,,,,ブラッシュ8,블러셔 8
腮红9,Blush 9,腮红9,,,,,,ブラッシュ9,블러시 9
腮红1,Blush 1,腮红1,,,,,,ブラッシュ1,블러셔 1
腮红2,Blush 2,腮红2,,,,,,ブラッシュ2,블러셔 2
胡子1,Beard 1,胡子1,,,,,,ひげ1,수염 1
胡子2,Beard 2,胡子2,,,,,,ひげ2,수염 2
胡子3,Beard 3,胡子3,,,,,,ひげ3,수염 3
胡子4,Beard 4,胡子4,,,,,,ひげ4,수염 4
胡子5,Beard 5,胡子5,,,,,,ひげ5,수염 5
胡子6,Beard 6,胡子6,,,,,,ひげ6,수염 6
胡子7,Beard 7,胡子7,,,,,,ひげ7,수염 7
胡子8,Beard 8,胡子8,,,,,,ひげ8,수염 8
眼间距,Eye Spacing,眼间距,,,,,,目と目の間の距離,눈 사이의 거리
眼睛上下移动,Move your eyes up and down.,眼睛上下移动,,,,,,目が上下に動きます,눈이 위아래로 움직인다
眼睛角度,Eye Angle,眼睛角度,,,,,,目の角度,눈 각도
眼睛长度,Eye Length,眼睛长度,,,,,,目の長さ,눈 길이
眼睛宽度,Eye Width,眼睛宽度,,,,,,目の幅,눈 폭
眼角左右移动,Move around the corner of your eye.,眼角左右移动,,,,,,目尻が左右に動く,눈꼬리가 좌우로 움직입니다.
眼角上下移动,Move up and down the corner of your eye.,眼角上下移动,,,,,,目尻が上下に動く,눈꼬리가 위아래로 움직인다
眉间距,Eyebrow Spacing,眉间距,,,,,,眉間距離,눈썹 거리
眉毛上下移动,Move your eyebrows up and down.,眉毛上下移动,,,,,,眉毛が上下に動きます,눈썹이 위아래로 움직인다
眉毛角度,Eyebrow Angle,眉毛角度,,,,,,眉の角度,눈썹 각도
鼻梁高度,Height,鼻梁高度,,,,,,鼻梁の高さ,콧대 높이
鼻子长度,Nose Length,鼻子长度,,,,,,鼻の長さ,코 길이
鼻子上下移动,Move your nose up and down.,鼻子上下移动,,,,,,鼻が上下に動きます,코가 위아래로 움직인다
嘴巴上下移动,Move your mouth up and down.,嘴巴上下移动,,,,,,口が上下に動きます,입이 위아래로 움직인다
嘴巴宽度,Mouth Width,嘴巴宽度,,,,,,口幅,입 너비
嘴巴弧度,Mouth Arc,嘴巴弧度,,,,,,口の湾曲,입 곡률
蜘蛛,Spider,蜘蛛,,,,,,スパイダー,거미
蜘蛛精,Spider Essence,蜘蛛精,,,,,,スパイダーマン、コミックのスーパーヒーロー,"만화 속 슈퍼 히어로, 스파이더맨"
龙,Dragon,龙,,,,,,ドラゴン,용
丧尸,Zombie,丧尸,,,,,,ゾンビ,좀비
角色,Character,角色,,,,,,役割,역할
我会活下去,I will live.,我会活下去,,,,,,死にはしません,나는 살아남을 것이다
金轮,Golden Wheel,金轮,,,,,,黄金の車輪,황금바퀴
不知道叫啥,I don't know what it is.,不知道叫啥,,,,,,なんていう名前かは知らない。,이름이 뭔지 모르겠습니다.
也不知道叫啥,I don't know what it is.,也不知道叫啥,,,,,,なんていう名前かは知らない。,이름이 뭔지 모르겠습니다.
超人,Superman,超人,,,,,,超人,초인
惊奇队长,Captain Marvel,惊奇队长,,,,,,キャプテン・マーベル,캡틴 마블
刺客男,Assassin,刺客男,,,,,,暗殺者の男,암살자 남자
刺客女,Assassin,刺客女,,,,,,暗殺者の女,암살자 여자
你好,Hello,你好,,,,,,こんにちは,안녕하세요
今天天气真好,It's a beautiful day.,今天天气真好,,,,,,いい天気だ。,아름다운 날입니다.
我们出去玩吧,Let's go out and play.,我们出去玩吧,,,,,,外に出てプレーしよう。,나가서 놀아보자.
来我家里玩吧,Come play at my house.,来我家里玩吧,,,,,,僕の家に遊びに来てよ。,우리 집에 놀러 오세요.
下雨了,It's raining.,下雨了,,,,,,雨が降っている。,비가 오네요.
快跑,Run for it!,快跑,,,,,,逃げろ！,달려가세요!
跟上我,Keep up with me.,跟上我,,,,,,僕についてきて。,나를 따라오세요.
不要这样,Don't.,不要这样,,,,,,やめてくれ。,하지 마세요.
哈哈哈哈哈哈哈,Ha ha ha ha ha ha ha ha ha,哈哈哈哈哈哈哈,,,,,,ハハハハハハハハハハハハハ,하하하하하하하하하하하
每日登陆游戏（{0}/{1}）,Daily login ({0}/{1}),每日登陆游戏（{0}/{1}）,,,,,,{0}{1}毎日ログインゲーム ( / ),{0}{1}매일 로그인 게임 ( / )
每日在线时长8分钟（{0}/{1}）,8 minutes of online time per day ( {0}/ {1}),每日在线时长8分钟（{0}/{1}）,,,,,,1日8分のオンライン時間 ({0}/{1}),하루 8분 온라인 시간( {0}/ {1})
每日在线时长15分钟（{0}/{1}）,Online session of the day reaches 15 minutes ({0}/{1}),每日在线时长15分钟（{0}/{1}）,,,,,,毎日のオンライン時間は 15 分 ({0}/{1}）,일일 온라인 시간 15분({0}/{1})
每日在线时长25分钟（{0}/{1}）,Daily online duration reaches 25 minutes ({0}/{1}),每日在线时长25分钟（{0}/{1}）,,,,,,毎日のオンライン時間 25 分 ({0}/{1}）,일일 온라인 시간 25분({0}/{1})
每日在线时长35分钟（{0}/{1}）,35 minutes of online time per day ( {0}/ {1}),每日在线时长35分钟（{0}/{1}）,,,,,,1日あたり35分のオンライン時間 ({0}/{1}),하루 35분 온라인 시간( {0}/ {1})
每日在线时长50分钟（{0}/{1}）,Daily online duration reaches 50 minutes ({0}/{1}),每日在线时长50分钟（{0}/{1}）,,,,,,毎日のオンライン時間 50 分 ({0}/{1}）,일일 온라인 시간 50분({0}/{1})
每日在线时长60分钟（{0}/{1}）,Daily online duration reaches 60 minutes ({0}/{1}),每日在线时长60分钟（{0}/{1}）,,,,,,毎日のオンライン時間は 60 分 ({0}/{1}）,일일 온라인 시간은 60분입니다({0}/{1})
每日击败1只美杜莎（{0}/{1}）,Defeat 1 Medusa per day ( {0}/ {1}),每日击败1只美杜莎（{0}/{1}）,,,,,,1日1回メドゥーサを倒す ({0}/{1}),하루에 메두사 1마리 처치하기( {0}/ {1})
每日击败3只美杜莎（{0}/{1}）,Defeat 3 Medusa per day ( {0}/ {1}),每日击败3只美杜莎（{0}/{1}）,,,,,,1日に3体のメドゥーサを倒す ({0}/{1}),하루에 메두사 3마리 처치하기( {0}/ {1})
每日击败6只美杜莎（{0}/{1}）,Defeat 6 Medusa per day ( {0}/ {1}),每日击败6只美杜莎（{0}/{1}）,,,,,,1日にメドゥーサを6体倒す ({0}/{1}),하루에 메두사 6마리 처치하기( {0}/ {1})
每日击败10只美杜莎（{0}/{1}）,Defeat 10 Medusa per day ( {0}/ {1}),每日击败10只美杜莎（{0}/{1}）,,,,,,1日にメドゥーサを10体倒す ({0}/{1}),하루에 메두사 10마리 처치하기( {0}/ {1})
每日击败20只美杜莎（{0}/{1}）,Defeat 20 Medusa per day ( {0}/ {1}),每日击败20只美杜莎（{0}/{1}）,,,,,,1日にメドゥーサを20体倒す ({0}/{1}),하루에 메두사 20마리 처치하기( {0}/ {1})
每日击败1只蜘蛛精（{0}/{1}）,Defeat 1 spiderling per day ( {0}/ {1}),每日击败1只蜘蛛精（{0}/{1}）,,,,,,1日にクモの子を1匹倒す ({0}/{1}),하루에 거미 1마리 처치하기( {0}/ {1})
每日击败3只蜘蛛精（{0}/{1}）,Defeat 3 spiderlings per day ( {0}/ {1}),每日击败3只蜘蛛精（{0}/{1}）,,,,,,1日にクモの子を3匹倒す ({0}/{1}),하루에 거미 새끼 3마리 처치하기( {0}/ {1})
每日击败6只蜘蛛精（{0}/{1}）,Defeat 6 spiderlings per day ( {0}/ {1}),每日击败6只蜘蛛精（{0}/{1}）,,,,,,1日にクモの子を6匹倒す ({0}/{1}),하루에 거미 새끼 6마리 처치하기( {0}/ {1})
每日击败10只蜘蛛精（{0}/{1}）,Defeat 10 spiderlings per day ( {0}/ {1}),每日击败10只蜘蛛精（{0}/{1}）,,,,,,1日にクモの子を10匹倒す ({0}/{1}),하루에 거미 새끼 10마리 처치하기( {0}/ {1})
每日击败20只蜘蛛精（{0}/{1}）,Defeat 20 spiderlings per day ( {0}/ {1}),每日击败20只蜘蛛精（{0}/{1}）,,,,,,1日にクモの子を20匹倒す ({0}/{1}),하루에 거미 새끼 20마리 처치하기( {0}/ {1})
每日击败1只炫彩蜘蛛（{0}/{1}）,Defeat 1 Dazzling Spider per day ( {0}/ {1}),每日击败1只炫彩蜘蛛（{0}/{1}）,,,,,,1日にカラフルなクモを1匹倒す ({0}/{1}),하루에 컬러풀 거미 1마리 처치하기( {0}/ {1})
每日击败3只炫彩蜘蛛（{0}/{1}）,Defeat 3 colorful spiders per day ( {0}/ {1}),每日击败3只炫彩蜘蛛（{0}/{1}）,,,,,,1日にカラフルなクモを3匹倒す ({0}/{1}),하루에 3개의 다채로운 거미를 처치하세요( {0}/ {1}).
每日击败6只炫彩蜘蛛（{0}/{1}）,Defeat 6 colorful spiders per day ( {0}/ {1}),每日击败6只炫彩蜘蛛（{0}/{1}）,,,,,,1日にカラフルなクモを6匹倒す ({0}/{1}),하루에 6개의 다채로운 거미를 처치하세요( {0}/ {1}).
每日击败10只炫彩蜘蛛（{0}/{1}）,Defeat 10 colorful spiders per day ( {0}/ {1}),每日击败10只炫彩蜘蛛（{0}/{1}）,,,,,,1日にカラフルなクモを10匹倒す ({0}/{1}),하루에 다채로운 거미 10마리 처치하기( {0}/ {1})
每日击败20只炫彩蜘蛛（{0}/{1}）,Defeat 20 colorful spiders per day ( {0}/ {1}),每日击败20只炫彩蜘蛛（{0}/{1}）,,,,,,1日にカラフルなクモを20匹倒す ({0}/{1}),하루에 20마리의 다채로운 거미를 처치하세요( {0}/ {1}).
每日击败1只龙兽（{0}/{1}）,Defeat 1 Dragon Beast per day ( {0}/ {1}),每日击败1只龙兽（{0}/{1}）,,,,,,1日1回ドラゴンビーストを倒す ({0}/{1}),하루에 드래곤 야수 1마리 처치하기( {0}/ {1})
每日击败3只龙兽（{0}/{1}）,Defeat 3 Dragon Beasts per day ( {0}/ {1}),每日击败3只龙兽（{0}/{1}）,,,,,,1日にドラゴンビーストを3体倒す ({0}/{1}),하루에 드래곤 야수 3마리 처치하기( {0}/ {1})
每日击败6只龙兽（{0}/{1}）,Defeat 6 Dragon Beasts per day ( {0}/ {1}),每日击败6只龙兽（{0}/{1}）,,,,,,1日にドラゴンビーストを6体倒す ({0}/{1}),하루에 드래곤 야수 6마리 처치하기( {0}/ {1})
每日击败10只龙兽（{0}/{1}）,Defeat 10 Dragon Beasts per day ( {0}/ {1}),每日击败10只龙兽（{0}/{1}）,,,,,,1日にドラゴンビーストを10体倒す ({0}/{1}),하루에 드래곤 야수 10마리 처치하기( {0}/ {1})
每日击败20只龙兽（{0}/{1}）,Defeat 20 Dragon Beasts per day ( {0}/ {1}),每日击败20只龙兽（{0}/{1}）,,,,,,1日に竜獣を20体倒す ({0}/{1}),하루에 드래곤 야수 20마리 처치하기( {0}/ {1})
每日击败1只丧尸（{0}/{1}）,Defeat 1 walker per day ( {0}/ {1}),每日击败1只丧尸（{0}/{1}）,,,,,,ゾンビを1日1体倒す ({0}/{1}),하루에 좀비 1마리 처치하기( {0}/ {1})
每日击败3只丧尸（{0}/{1}）,Defeat 3 walkers per day ( {0}/ {1}),每日击败3只丧尸（{0}/{1}）,,,,,,1日に3人のウォーカーを倒す ({0}/{1}),하루에 워커 3마리 처치하기( {0}/ {1})
每日击败6只丧尸（{0}/{1}）,Defeat 6 walkers per day ( {0}/ {1}),每日击败6只丧尸（{0}/{1}）,,,,,,1日に6人のウォーカーを倒す ({0}/{1}),하루에 워커 6마리 처치하기( {0}/ {1})
每日击败10只丧尸（{0}/{1}）,Defeat 10 walkers per day ( {0}/ {1}),每日击败10只丧尸（{0}/{1}）,,,,,,1日に10人のウォーカーを倒す ({0}/{1}),하루에 워커 10마리 처치하기( {0}/ {1})
每日击败20只丧尸（{0}/{1}）,Defeat 20 walkers per day ( {0}/ {1}),每日击败20只丧尸（{0}/{1}）,,,,,,1日に20人のウォーカーを倒す ({0}/{1}),하루에 워커 20마리 처치하기( {0}/ {1})
每日击败1只变异布偶（{0}/{1}）,Defeat 1 Mutant Muppet per day ( {0}/ {1}),每日击败1只变异布偶（{0}/{1}）,,,,,,1日にミュータント・マペット1体を倒す ({0}/{1}),하루에 돌연변이 머펫 1마리 처치하기( {0}/ {1})
每日击败3只变异布偶（{0}/{1}）,Defeat 3 Mutant Muppets per day ( {0}/ {1}),每日击败3只变异布偶（{0}/{1}）,,,,,,1日にミュータント・マペットを3体倒す ({0}/{1}),하루에 돌연변이 머펫 3마리 처치하기( {0}/ {1})
每日击败6只变异布偶（{0}/{1}）,Defeat 6 Mutant Muppets per day ( {0}/ {1}),每日击败6只变异布偶（{0}/{1}）,,,,,,1日に6体のミュータント・マペットを倒す ({0}/{1}),하루에 돌연변이 머펫 6마리 처치하기( {0}/ {1})
每日击败10只变异布偶（{0}/{1}）,Defeat 10 Mutant Muppets per day ( {0}/ {1}),每日击败10只变异布偶（{0}/{1}）,,,,,,1日にミュータント・マペットを10体倒す ({0}/{1}),하루에 돌연변이 머펫 10마리 처치하기( {0}/ {1})
每日击败20只变异布偶（{0}/{1}）,Defeat 20 Mutant Muppets per day ( {0}/ {1}),每日击败20只变异布偶（{0}/{1}）,,,,,,1日にミュータント・マペットを20体倒す ({0}/{1}),하루에 돌연변이 머펫 20마리 처치하기( {0}/ {1})
每日击败1名玩家（{0}/{1}）,Defeat 1 player per day ( {0}/ {1}),每日击败1名玩家（{0}/{1}）,,,,,,1日に1人の選手を倒す ({0}/{1}),하루에 1명의 플레이어를 처치하세요( {0}/ {1}).
每日击败3名玩家（{0}/{1}）,Defeat 3 players per day ( {0}/ {1}),每日击败3名玩家（{0}/{1}）,,,,,,1日に3人の選手を倒す ({0}/{1}),하루에 3명의 플레이어를 처치하세요( {0}/ {1}).
每日击败6名玩家（{0}/{1}）,Defeat 6 players per day ( {0}/ {1}),每日击败6名玩家（{0}/{1}）,,,,,,1日に6人の選手を倒す ({0}/{1}),하루에 6명의 플레이어를 처치하세요( {0}/ {1}).
每日击败10名玩家（{0}/{1}）,Defeat 10 players per day ( {0}/ {1}),每日击败10名玩家（{0}/{1}）,,,,,,1日に10人の選手を倒す ({0}/{1}),하루에 10명의 플레이어를 처치하세요( {0}/ {1}).
每日击败20名玩家（{0}/{1}）,Defeat 20 players per day ( {0}/ {1}),每日击败20名玩家（{0}/{1}）,,,,,,1日に20人の選手を倒す ({0}/{1}),하루에 20명의 플레이어를 처치하세요( {0}/ {1}).
每日等级提升1级（{0}/{1}）,Daily leveling up by 1 level ( {0}/ {1}),每日等级提升1级（{0}/{1}）,,,,,,毎日1レベルずつレベルアップ ({0}/{1}),매일 1레벨씩 레벨업 ( {0}/ {1})
每日等级提升3级（{0}/{1}）,Daily leveling up by 3 levels ( {0}/ {1}),每日等级提升3级（{0}/{1}）,,,,,,毎日3レベルずつレベルアップ ({0}/{1}),매일 3레벨씩 레벨업 ( {0}/ {1})
每日等级提升6级（{0}/{1}）,Daily leveling up by 6 levels ( {0}/ {1}),每日等级提升6级（{0}/{1}）,,,,,,毎日6レベルずつレベルアップ ({0}/{1}),매일 6레벨씩 레벨업 ( {0}/ {1})
每日等级提升10级（{0}/{1}）,Daily leveling up by 10 levels ( {0}/ {1}),每日等级提升10级（{0}/{1}）,,,,,,毎日10レベルずつレベルアップ ({0}/{1}),매일 10레벨씩 레벨업 ( {0}/ {1})
每日等级提升20级（{0}/{1}）,Daily leveling up by 20 levels ( {0}/ {1}),每日等级提升20级（{0}/{1}）,,,,,,毎日20レベルずつレベルアップ ({0}/{1}),매일 20레벨씩 레벨업 ( {0}/ {1})
每日捡到1个秘宝（{0}/{1}）,Pick up 1 secret treasure per day ( {0}/ {1}),每日捡到1个秘宝（{0}/{1}）,,,,,,秘宝を1日1個拾う ({0}/{1}),하루에 비밀 보물 1개 수령 ( {0}/ {1})
每日捡到3个秘宝（{0}/{1}）,Pick up 3 secret treasures per day ( {0}/ {1}),每日捡到3个秘宝（{0}/{1}）,,,,,,1日に3つの秘宝を拾う ({0}/{1}),하루에 3개의 비밀 보물을 획득하세요 ( {0}/ {1})
每日捡到6个秘宝（{0}/{1}）,Pick up 6 secret treasures per day ( {0}/ {1}),每日捡到6个秘宝（{0}/{1}）,,,,,,1日に6つの秘宝を拾う ({0}/{1}),하루에 6개의 비밀 보물을 획득하세요( {0}/ {1}).
每日捡到10个秘宝（{0}/{1}）,Pick up 10 secret treasures per day ( {0}/ {1}),每日捡到10个秘宝（{0}/{1}）,,,,,,1日10個の秘宝を拾う ({0}/{1}),하루에 10개의 비밀 보물을 획득하세요 ( {0}/ {1})
每日捡到20个秘宝（{0}/{1}）,Pick up 20 secret treasures per day ( {0}/ {1}),每日捡到20个秘宝（{0}/{1}）,,,,,,1日に20個の秘宝を拾う ({0}/{1}),하루에 20개의 비밀 보물을 획득하세요 ( {0}/ {1})
每日观看1次广告（{0}/{1}）,Watch 1 advertisement per day ( {0}/ {1}),每日观看1次广告（{0}/{1}）,,,,,,1日1回広告を見る ({0}/{1}),하루에 1개의 광고 시청( {0}/ {1})
每日观看3次广告（{0}/{1}）,Watch 3 advertisements per day ( {0}/ {1}),每日观看3次广告（{0}/{1}）,,,,,,1日3本の広告を見る ({0}/{1}),하루에 3개의 광고 시청( {0}/ {1})
每日观看6次广告（{0}/{1}）,Watch 6 commercials per day ( {0}/ {1}),每日观看6次广告（{0}/{1}）,,,,,,1日6本の広告を見る ({0}/{1}),하루에 6개의 광고 시청( {0}/ {1})
每日观看10次广告（{0}/{1}）,Watch 10 ads per day ( {0}/ {1}),每日观看10次广告（{0}/{1}）,,,,,,1日に10本の広告を見る ({0}/{1}),하루에 10개의 광고 시청( {0}/ {1})
每日观看20次广告（{0}/{1}）,20 advertisements per day ( {0}/ {1}),每日观看20次广告（{0}/{1}）,,,,,,1日あたり20件の広告 ({0}/{1}),하루 20개 광고( {0}/ {1})
每周登录2天（{0}/{1}）,Log in 2 days per week ({0}/{1}),每周登录2天（{0}/{1}）,,,,,,週に 2 日ログイン ({0}/{1}）,일주일에 2일 로그인({0}/{1})
每周登录3天（{0}/{1}）,Log in 3 days per week ({0}/{1}),每周登录3天（{0}/{1}）,,,,,,週に 3 日ログイン ({0}/{1}）,일주일에 3일 로그인({0}/{1})
每周登录5天（{0}/{1}）,Log in 5 days per week ({0}/{1}),每周登录5天（{0}/{1}）,,,,,,週に 5 日ログイン ({0}/{1}）,주 5일 로그인({0}/{1})
每周登录7天（{0}/{1}）,Log in 7 days a week ({0}/{1}),每周登录7天（{0}/{1}）,,,,,,年中無休でログイン ({0}/{1}）,일주일 내내 로그인하세요({0}/{1})
每周时长达到30分钟2天（{0}/{1}）,Weekly duration reaches 30 minutes 2 days ({0}/{1}),每周时长达到30分钟2天（{0}/{1}）,,,,,,{0}{1}週2日、30分まで ( / ),{0}{1}주 2일 최대 30분 ( / )
每周时长达到30分钟3天（{0}/{1}）,Weekly duration reaches 30 minutes 3 days ({0}/{1}),每周时长达到30分钟3天（{0}/{1}）,,,,,,{0}{1}30分/週3日 ( / ),{0}{1}주 3일 30분 ( / )
每周时长达到30分钟5天（{0}/{1}）,Weekly duration reaches 30 minutes 5 days ({0}/{1}),每周时长达到30分钟5天（{0}/{1}）,,,,,,{0}{1}30分/週5日 ( / ),{0}{1}주 5일 30분 ( / )
每周时长达到30分钟7天（{0}/{1}）,Weekly duration reaches 30 minutes 7 days ({0}/{1}),每周时长达到30分钟7天（{0}/{1}）,,,,,,{0}{1}週30分×7日間 ( / ),{0}{1}일주일에 30분씩 7일간 ( / )
每周击败50只美杜莎（{0}/{1}）,Defeat 50 Medusa per week ( {0}/ {1}),每周击败50只美杜莎（{0}/{1}）,,,,,,週にメドゥーサを50体倒す ({0}/{1}),매주 메두사 50마리 처치하기( {0}/ {1})
每周击败150只美杜莎（{0}/{1}）,Defeat 150 Medusa per week ( {0}/ {1}),每周击败150只美杜莎（{0}/{1}）,,,,,,メドゥーサを週に150体倒す ({0}/{1}),매주 메두사 150마리 처치하기( {0}/ {1})
每周击败300只美杜莎（{0}/{1}）,Defeat 300 Medusa per week ( {0}/ {1}),每周击败300只美杜莎（{0}/{1}）,,,,,,週に300体のメドゥーサを倒す ({0}/{1}),매주 메두사 300마리 처치하기( {0}/ {1})
每周击败500只美杜莎（{0}/{1}）,Defeat 500 Medusa per week ( {0}/ {1}),每周击败500只美杜莎（{0}/{1}）,,,,,,週に500体のメドゥーサを倒す ({0}/{1}),매주 메두사 500마리 처치하기( {0}/ {1})
每周击败1000只美杜莎（{0}/{1}）,Defeat 1000 Medusa per week ( {0}/ {1}),每周击败1000只美杜莎（{0}/{1}）,,,,,,メドゥーサを週に1000体倒す ({0}/{1}),매주 메두사 1000마리 처치하기( {0}/ {1})
每周击败50只蜘蛛精（{0}/{1}）,Defeat 50 spiderlings per week ( {0}/ {1}),每周击败50只蜘蛛精（{0}/{1}）,,,,,,1週間に50匹のクモの子を倒す ({0}/{1}),매주 거미 50마리 처치하기( {0}/ {1})
每周击败150只蜘蛛精（{0}/{1}）,Defeat 150 spiderlings per week ( {0}/ {1}),每周击败150只蜘蛛精（{0}/{1}）,,,,,,1週間に150匹のクモの子を倒す ({0}/{1}),매주 거미 새끼 150마리 처치하기( {0}/ {1})
每周击败300只蜘蛛精（{0}/{1}）,Defeat 300 spiderlings per week ( {0}/ {1}),每周击败300只蜘蛛精（{0}/{1}）,,,,,,1週間に300匹のクモの子を倒す ({0}/{1}),매주 거미 300마리 처치하기( {0}/ {1})
每周击败500只蜘蛛精（{0}/{1}）,Defeat 500 spiderlings per week ( {0}/ {1}),每周击败500只蜘蛛精（{0}/{1}）,,,,,,1週間に500匹のクモの子を倒す ({0}/{1}),매주 거미 500마리 처치하기( {0}/ {1})
每周击败1000只蜘蛛精（{0}/{1}）,Defeat 1000 spiderlings per week ( {0}/ {1}),每周击败1000只蜘蛛精（{0}/{1}）,,,,,,1週間にクモの子を1000匹倒す ({0}/{1}),매주 거미 새끼 1000마리 처치하기( {0}/ {1})
每周击败50只炫彩蜘蛛（{0}/{1}）,Defeat 50 colorful spiders per week ( {0}/ {1}),每周击败50只炫彩蜘蛛（{0}/{1}）,,,,,,1週間にカラフルなクモを50匹倒す ({0}/{1}),매주 다채로운 거미 50마리 처치하기( {0}/ {1})
每周击败150只炫彩蜘蛛（{0}/{1}）,Defeat 150 colorful spiders per week ( {0}/ {1}),每周击败150只炫彩蜘蛛（{0}/{1}）,,,,,,1週間に150匹のカラフルなクモを倒す ({0}/{1}),매주 150마리의 다채로운 거미를 처치하세요( {0}/ {1}).
每周击败300只炫彩蜘蛛（{0}/{1}）,Defeat 300 colorful spiders per week ( {0}/ {1}),每周击败300只炫彩蜘蛛（{0}/{1}）,,,,,,1週間にカラフルなクモを300匹倒す ({0}/{1}),매주 300마리의 다채로운 거미를 처치하세요( {0}/ {1}).
每周击败500只炫彩蜘蛛（{0}/{1}）,Defeat 500 colorful spiders per week ( {0}/ {1}),每周击败500只炫彩蜘蛛（{0}/{1}）,,,,,,1週間に500匹のカラフルなクモを倒す ({0}/{1}),매주 500마리의 다채로운 거미를 처치하세요( {0}/ {1}).
每周击败1000只炫彩蜘蛛（{0}/{1}）,Defeat 1000 colorful spiders per week ( {0}/ {1}),每周击败1000只炫彩蜘蛛（{0}/{1}）,,,,,,カラフルなクモを週に1000匹倒す ({0}/{1}),매주 다채로운 거미 1000마리 처치하기( {0}/ {1})
每周击败50只龙兽（{0}/{1}）,Defeat 50 dragon beasts per week ( {0}/ {1}),每周击败50只龙兽（{0}/{1}）,,,,,,1週間に50体の竜獣を倒す ({0}/{1}),매주 드래곤 야수 50마리 처치하기( {0}/ {1})
每周击败150只龙兽（{0}/{1}）,Defeat 150 dragon beasts per week ( {0}/ {1}),每周击败150只龙兽（{0}/{1}）,,,,,,1週間に150体の竜獣を倒す ({0}/{1}),매주 드래곤 야수 150마리 처치하기( {0}/ {1})
每周击败300只龙兽（{0}/{1}）,Defeat 300 dragon beasts per week ( {0}/ {1}),每周击败300只龙兽（{0}/{1}）,,,,,,1週間にドラゴンビーストを300体倒す ({0}/{1}),매주 드래곤 야수 300마리 처치하기( {0}/ {1})
每周击败500只龙兽（{0}/{1}）,Defeat 500 dragon beasts per week ( {0}/ {1}),每周击败500只龙兽（{0}/{1}）,,,,,,1週間に500体の竜獣を倒す ({0}/{1}),매주 드래곤 야수 500마리 처치하기( {0}/ {1})
每周击败1000只龙兽（{0}/{1}）,Defeat 1000 dragon beasts per week ( {0}/ {1}),每周击败1000只龙兽（{0}/{1}）,,,,,,1週間にドラゴンビーストを1000体倒す ({0}/{1}),매주 드래곤 야수 1000마리 처치하기( {0}/ {1})
每周击败50只丧尸（{0}/{1}）,Defeat 50 walkers per week ( {0}/ {1}),每周击败50只丧尸（{0}/{1}）,,,,,,週に50人のウォーカーを倒す ({0}/{1}),매주 워커 50마리 처치하기( {0}/ {1})
每周击败150只丧尸（{0}/{1}）,Defeat 150 walkers per week ( {0}/ {1}),每周击败150只丧尸（{0}/{1}）,,,,,,週に150人のウォーカーを倒す ({0}/{1}),매주 150명의 워커 처치하기( {0}/ {1})
每周击败300只丧尸（{0}/{1}）,Defeat 300 walkers per week ( {0}/ {1}),每周击败300只丧尸（{0}/{1}）,,,,,,週に300人のウォーカーを倒す ({0}/{1}),매주 워커 300마리 처치하기( {0}/ {1})
每周击败500只丧尸（{0}/{1}）,Defeat 500 walkers per week ( {0}/ {1}),每周击败500只丧尸（{0}/{1}）,,,,,,週に500人のウォーカーを倒す ({0}/{1}),매주 500명의 워커 처치하기( {0}/ {1})
每周击败1000只丧尸（{0}/{1}）,Defeat 1000 walkers per week ( {0}/ {1}),每周击败1000只丧尸（{0}/{1}）,,,,,,週に1000人のウォーカーを倒す ({0}/{1}),매주 워커 1000마리 처치하기( {0}/ {1})
每周击败50只变异布偶（{0}/{1}）,Defeat 50 Mutant Muppets per week ( {0}/ {1}),每周击败50只变异布偶（{0}/{1}）,,,,,,ミュータント・マペットを週に50体倒す ({0}/{1}),매주 돌연변이 머펫 50마리 처치하기( {0}/ {1})
每周击败150只变异布偶（{0}/{1}）,Defeat 150 Mutant Muppets per week ( {0}/ {1}),每周击败150只变异布偶（{0}/{1}）,,,,,,週に150体のミュータント・マペットを倒す ({0}/{1}),매주 돌연변이 머펫 150마리 처치하기( {0}/ {1})
每周击败300只变异布偶（{0}/{1}）,Defeat 300 Mutant Muppets per week ( {0}/ {1}),每周击败300只变异布偶（{0}/{1}）,,,,,,週に300体のミュータント・マペットを倒す ({0}/{1}),매주 돌연변이 머펫 300마리 처치하기( {0}/ {1})
每周击败500只变异布偶（{0}/{1}）,Defeat 500 Mutant Muppets per week ( {0}/ {1}),每周击败500只变异布偶（{0}/{1}）,,,,,,週に500体のミュータント・マペットを倒す ({0}/{1}),매주 돌연변이 머펫 500마리 처치하기( {0}/ {1})
每周击败1000只变异布偶（{0}/{1}）,Defeat 1000 Mutant Muppets per week ( {0}/ {1}),每周击败1000只变异布偶（{0}/{1}）,,,,,,ミュータント・マペットを週に1000体倒す ({0}/{1}),매주 돌연변이 머펫 1000마리 처치하기( {0}/ {1})
每周击败50名玩家（{0}/{1}）,Beat 50 players per week ( {0}/ {1}),每周击败50名玩家（{0}/{1}）,,,,,,週に50人の選手を倒す ({0}/{1}),매주 50명의 플레이어를 이길 수 있습니다( {0}/ {1}).
每周击败150名玩家（{0}/{1}）,Beat 150 players per week ( {0}/ {1}),每周击败150名玩家（{0}/{1}）,,,,,,週に150人の選手を倒す ({0}/{1}),매주 150명의 플레이어를 이길 수 있습니다( {0}/ {1}).
每周击败300名玩家（{0}/{1}）,Beat 300 players per week ( {0}/ {1}),每周击败300名玩家（{0}/{1}）,,,,,,週に300人の選手を倒す ({0}/{1}),매주 300명의 플레이어를 이길 수 있습니다( {0}/ {1}).
每周击败500名玩家（{0}/{1}）,Beat 500 players per week ( {0}/ {1}),每周击败500名玩家（{0}/{1}）,,,,,,週に500人のプレーヤーを倒す ({0}/{1}),매주 500명의 플레이어를 이길 수 있습니다( {0}/ {1}).
每周击败1000名玩家（{0}/{1}）,Beat 1000 players per week ( {0}/ {1}),每周击败1000名玩家（{0}/{1}）,,,,,,週に1000人のプレーヤーを倒す ({0}/{1}),매주 1000명의 플레이어를 이길 수 있습니다( {0}/ {1}).
每周等级提升10级（{0}/{1}）,Weekly level-ups of 10 levels ( {0}/ {1}),每周等级提升10级（{0}/{1}）,,,,,,毎週10レベルずつレベルアップ ({0}/{1}),매주 10레벨씩 레벨업 ( {0}/ {1})
每周等级提升30级（{0}/{1}）,Weekly level-ups of 30 levels ( {0}/ {1}),每周等级提升30级（{0}/{1}）,,,,,,毎週30レベルずつレベルアップ ({0}/{1}),매주 30레벨씩 레벨업 ( {0}/ {1})
每周等级提升60级（{0}/{1}）,Weekly level-ups of 60 levels ( {0}/ {1}),每周等级提升60级（{0}/{1}）,,,,,,毎週60レベルのレベルアップ ({0}/{1}),매주 60레벨씩 레벨업 ( {0}/ {1})
每周等级提升100级（{0}/{1}）,Weekly level-ups of 100 levels ( {0}/ {1}),每周等级提升100级（{0}/{1}）,,,,,,毎週100レベルのレベルアップ ({0}/{1}),매주 100레벨씩 레벨업 ( {0}/ {1})
每周等级提升200级（{0}/{1}）,Weekly level-ups of 200 levels ( {0}/ {1}),每周等级提升200级（{0}/{1}）,,,,,,毎週200レベルずつレベルアップ ({0}/{1}),매주 200레벨씩 레벨업 ( {0}/ {1})
每周捡到10个秘宝（{0}/{1}）,Pick up 10 secret treasures per week ( {0}/ {1}),每周捡到10个秘宝（{0}/{1}）,,,,,,週に10個の秘宝を拾う ({0}/{1}),매주 10개의 비밀 보물을 획득하세요 ( {0}/ {1})
每周捡到30个秘宝（{0}/{1}）,Pick up 30 secret treasures per week ( {0}/ {1}),每周捡到30个秘宝（{0}/{1}）,,,,,,週に30個の秘宝を拾う ({0}/{1}),매주 30개의 비밀 보물을 획득하세요( {0}/ {1}).
每周捡到60个秘宝（{0}/{1}）,Pick up 60 secret treasures per week ( {0}/ {1}),每周捡到60个秘宝（{0}/{1}）,,,,,,週に60個の秘宝を拾う ({0}/{1}),매주 60개의 비밀 보물을 획득하세요( {0}/ {1}).
每周捡到100个秘宝（{0}/{1}）,Pick up 100 secret treasures per week ( {0}/ {1}),每周捡到100个秘宝（{0}/{1}）,,,,,,週に100個の秘宝を拾う ({0}/{1}),매주 100개의 비밀 보물을 획득하세요( {0}/ {1}).
每周捡到200个秘宝（{0}/{1}）,Pick up 200 secret treasures per week ( {0}/ {1}),每周捡到200个秘宝（{0}/{1}）,,,,,,週に200個の秘宝を拾う ({0}/{1}),매주 200개의 비밀 보물을 획득하세요( {0}/ {1}).
每周观看10次广告（{0}/{1}）,Watch 10 commercials per week ( {0}/ {1}),每周观看10次广告（{0}/{1}）,,,,,,週に10本の広告を見る ({0}/{1}),주당 10개의 광고 시청( {0}/ {1})
每周观看30次广告（{0}/{1}）,30 advertisements per week ( {0}/ {1}),每周观看30次广告（{0}/{1}）,,,,,,週30広告 ({0}/{1}),주당 30개 광고( {0}/ {1})
每周观看60次广告（{0}/{1}）,Watch 60 commercials per week ( {0}/ {1}),每周观看60次广告（{0}/{1}）,,,,,,週に60本の広告を見る ({0}/{1}),주당 60개의 광고 시청( {0}/ {1})
每周观看100次广告（{0}/{1}）,Watch 100 advertisements per week ( {0}/ {1}),每周观看100次广告（{0}/{1}）,,,,,,週100広告 ({0}/{1}),주당 100개의 광고( {0}/ {1})
每周观看200次广告（{0}/{1}）,200 advertisements per week ( {0}/ {1}),每周观看200次广告（{0}/{1}）,,,,,,週200広告 ({0}/{1}),주당 200개 광고( {0}/ {1})
${this.mYesBtn.text}失败，请重试,"{this.mYesBtn.text} failed, please try again.",${this.mYesBtn.text}失败，请重试,,,,,,${this.mYesBtn.text}失敗しました。もう一度お試しください,${this.mYesBtn.text}실패했습니다. 다시 시도해 주세요.
领取,Receive,领取,,,,,,受け取る,받다
已获得,Obtained,已获得,,,,,,取得しました,획득
恭喜获得,Obtained!,恭喜获得,,,,,,獲得おめでとうございます,획득 축하드립니다
武器使用中,Weapons in use,武器使用中,,,,,,武器使用中,사용 중인 무기
皮肤穿戴中,In Skin Wear,皮肤穿戴中,,,,,,スキンウェア,피부 착용
装备中,Equipped,装备中,,,,,,装備済み,갖추게 하는
宠物跟随中,Pets follow in,宠物跟随中,,,,,,ペット,팔로우 중인 애완동물
带你去免费获得,Take you to get free,带你去免费获得,,,,,,あなたを自由に連れて行く,무료로 이용하기
免费获得,FREE!,免费获得,,,,,,無料で入手,무료로 받으세요
购买成功,Purchase successful!,购买成功,,,,,,購入が成功しました,구매 성공
金币不足,Insufficient coins,金币不足,,,,,,金貨が足りない,금화가 부족해요
免费领取10000金币,"Claim 10,000 coins for free",免费领取10000金币,,,,,,金貨10000枚をプレゼント,무료 금화 10000개 받기
免费领取,Free to claim,免费领取,,,,,,無料で入手,무료로 받으세요
装备成功,Equipment Completed!,装备成功,,,,,,装置は成功しました,장비 성공
穿戴成功,Wear Success,穿戴成功,,,,,,ウェア・サクセス,성공적 착용
"功能暂未开放,敬请期待","Functionality is not yet available, so stay tuned!","功能暂未开放,敬请期待",,,,,,機能はまだ提供されていないので、期待していてほしい！,아직 기능을 사용할 수 없으니 계속 지켜봐 주세요!
功能暂未开放，敬请期待,"Function not yet available, coming soon",功能暂未开放，敬请期待,,,,,,この機能はまだ利用できませんので、しばらくお待ちください,해당 기능은 아직 사용할 수 없습니다. 계속 지켜봐 주시기 바랍니다.
恢复成功,Successful recovery,恢复成功,,,,,,回復に成功,성공적인 복구
卸下成功,Remove successfully!,卸下成功,,,,,,正常にアンインストールされました。,성공적으로 제거되었습니다.
恢复初始形象,Restore the initial image,恢复初始形象,,,,,,初期イメージの復元,초기 이미지 복원
卸下所有装备,Take off all your gear.,卸下所有装备,,,,,,すべての機器を取り外す。,모든 장비를 제거합니다.
取消宠物跟随,Cancel pet following,取消宠物跟随,,,,,,ペットのキャンセル,애완동물 팔로우 취소하기
点击使用,Tap to use,点击使用,,,,,,クリックして使用します,사용하려면 클릭하세요
已拥有,Owned,已拥有,,,,,,すでに所有しています,이미 소유함
失败,Failed,失败,,,,,,失敗,실패하다
${price}金币购买,$ {price}for gold coins,${price}金币购买,,,,,,{price}金貨用,금화의 경우 $ {price}
黄阶,Yellow Rank,黄阶,,,,,,黄街,황지에
玄阶,Myth,玄阶,,,,,,宣結,쉬안지에
地阶,Rank,地阶,,,,,,テラス,테라스
天阶,Rank,天阶,,,,,,天国レベル,천국 수준
武器,Weapons,武器,,,,,,武器,무기
${rarityStr}${bagTypeStr}介绍,$ {rarityStr}$ {bagTypeStr}Introduction,${rarityStr}${bagTypeStr}介绍,,,,,,{rarityStr}${bagTypeStr}はじめに,{rarityStr}$ {bagTypeStr}소개
皮肤,Skin,皮肤,,,,,,肌,피부
装备,Equipment,装备,,,,,,装置,장비
宠物,Pets,宠物,,,,,,ペット,애완 동물
<size=40><b><color=#lime>${bagInfoElement?.Name}</color></b></size>，<size=50><b><color=#red>${rarityStr}${bagTypeStr}</color></b></size>\n使用后血量和攻击力提升<size=50><b><color=#fuchsia>${1 + Utils.getMultipleByRarity(bagInfoElement.Rarity)}倍</color></b></size>,"<size=40><b><color=#lime>$ {bagInfoElement?.Name}</color></b></size>, <size=50><b><color=#red>$ {rarityStr}$ {bagTypeStr}</color></b></size>\n Blood and attack power increase after use <size=50><b><color=#fuchsia>$ {1 + Utils.getMultipleByRarity(bagInfoElement.Rarity)}times</color></b></size>",<size=40><b><color=#lime>${bagInfoElement?.Name}</color></b></size>，<size=50><b><color=#red>${rarityStr}${bagTypeStr}</color></b></size>\n使用后血量和攻击力提升<size=50><b><color=#fuchsia>${1 + Utils.getMultipleByRarity(bagInfoElement.Rarity)}倍</color></b></size>,,,,,,"<size=40><b><color=#lime>{bagInfoElement?.Name}</color></b></size>,<size=50><b><color=#red>${rarityStr}${bagTypeStr}</color></b></size> ⅳ使用後、血液と攻撃力が増加する<size=50><b><color=#fuchsia>${1 + Utils.getMultipleByRarity(bagInfoElement.Rarity)}倍</color></b></size>","<size=40><b><color=#lime>{bagInfoElement?.Name}</color></b></size>, <size=50><b><color=#red>$ {rarityStr}$ {bagTypeStr}</color></b></size>\n 사용 후 혈액 및 공격력 증가 <size=50><b><color=#fuchsia>$ {1 + Utils.getMultipleByRarity(bagInfoElement.Rarity)}횟수</color></b></size>"
已到达目标点附近,Reached near the target point.,已到达目标点附近,,,,,,目標地点付近に到着した。,목표 지점 근처에 도착했습니다.
欢迎来到斗破苍穹乐园，我来给你介绍一下所有按钮操作吧。,"Welcome to Doobie Land, let me introduce you to all the button actions.",欢迎来到斗破苍穹乐园，我来给你介绍一下所有按钮操作吧。,,,,,,ドゥービー・ランドへようこそ！すべてのボタンアクションを紹介しよう。,두비랜드에 오신 것을 환영합니다. 모든 버튼 동작을 소개해 드리겠습니다.
移动按钮，点击后拖拽可以控制角色移动。,"Move button, click and drag to control the character movement.",移动按钮，点击后拖拽可以控制角色移动。,,,,,,移動ボタンをクリックし、ドラッグしてキャラクターの動きをコントロールします。,이동 버튼을 클릭하고 드래그하여 캐릭터의 움직임을 제어합니다.
视角移动区域，点击拖动这里可以控制屏幕视角。,"Perspective movement area, click and drag here to control the screen view.",视角移动区域，点击拖动这里可以控制屏幕视角。,,,,,,パースペクティブ移動エリア、ここをクリック＆ドラッグしてスクリーンビューをコントロールする。,시점 이동 영역에서 여기를 클릭하고 드래그하여 화면 시점을 제어합니다.
跳跃按钮，连续点击会进行二段跳，会消耗斗气。,"The jump button, tapping it consecutively will perform a two-step jump, which will consume Fighting Spirit.",跳跃按钮，连续点击会进行二段跳，会消耗斗气。,,,,,,ジャンプボタンを連打すると2段ジャンプになり、闘志を消費する。,"점프 버튼을 연속으로 누르면 2단계 점프를 수행하며, 이 점프는 전투력을 소모합니다."
冲刺按钮，可以直接瞬移一段距离，会消耗斗气。,"Sprint button, you can directly instantly move a distance, it will consume Fighting Spirit.",冲刺按钮，可以直接瞬移一段距离，会消耗斗气。,,,,,,スプリントボタンを押すと、直接瞬時に距離を移動することができ、闘志を消費する。,"전력 질주 버튼을 누르면 바로 즉시 거리를 이동할 수 있으며, 전투력이 소모됩니다."
攻击按钮，连续点击可释放炫酷的连招，会消耗斗气。,"Attack button, continuous click to release cool combos that will consume Fighting Spirit.",攻击按钮，连续点击可释放炫酷的连招，会消耗斗气。,,,,,,攻撃ボタンを連続でタップすると、闘志を消費してクールなコンボを放つ。,공격 버튼을 연속으로 누르면 투지를 소모하는 멋진 콤보가 발동합니다.
背景音乐按钮，打开可更换背景音乐以及开关背景音乐。,"Background music button, turn it on to change the background music as well as turn the background music on/off.",背景音乐按钮，打开可更换背景音乐以及开关背景音乐。,,,,,,バックグランドミュージックボタン、オンでバックグランドミュージックを変更し、オン/オフでバックグランドミュージックを切り替える。,배경 음악 버튼을 켜서 배경 음악을 변경하고 배경 음악을 켜고 끌 수 있습니다.
点我回家按钮，当你被卡在地图中无法移动时可以点击我试试哦。,"Tap me to go home button, when you are stuck in the map and can't move you can tap me to try oh.",点我回家按钮，当你被卡在地图中无法移动时可以点击我试试哦。,,,,,,マップから抜け出せなくなったときは、私をタップしてホームに戻りましょう。,"홈 버튼으로 이동하려면 나를 탭하고, 지도에 갇혀서 움직일 수 없을 때는 나를 탭하여 오를 수 있습니다."
斗技功法按钮，提升等级最快的办法就是在斗帝都市寻找斗技、功法。,"Fighting Technique Feats button, the fastest way to level up is to look for fighting techniques and feats in Dou Di Metropolis.",斗技功法按钮，提升等级最快的办法就是在斗帝都市寻找斗技、功法。,,,,,,闘技の特技 """"""""ボタンをクリックすると、レベルアップの最短ルートが表示される。,전투 기술 업적 버튼에서 가장 빠르게 레벨을 올리는 방법은 더우디 메트로폴리스에서 전투 기술과 업적을 찾는 것입니다.
排行榜按钮，打开可以进行查看房间内排行榜和世界排行榜，快来查看你在斗帝都市的排名是多少吧。,"Leaderboard button, open can be carried out to view the room leaderboard and the world leaderboard, come to check what is your ranking in the city of Dou Di.",排行榜按钮，打开可以进行查看房间内排行榜和世界排行榜，快来查看你在斗帝都市的排名是多少吧。,,,,,,リーダーボードボタンを開くと、ルームリーダーボードとワールドリーダーボードを表示することができます。,"리더보드 버튼을 누르면 방 리더보드와 세계 리더보드를 볼 수 있으며, 두디의 도시에서 자신의 순위가 얼마인지 확인할 수 있습니다."
在线奖励按钮，可以领取大量金币和经验来快速提升等级，在线10分钟即可快速升级到斗圣。,"Online reward button, you can receive a lot of gold and experience to quickly level up, online for 10 minutes to quickly upgrade to Dou Sheng.",在线奖励按钮，可以领取大量金币和经验来快速提升等级，在线10分钟即可快速升级到斗圣。,,,,,,オンライン報酬ボタン、あなたはすぐにレベルアップするために多くの金と経験を受け取ることができ、10分オンラインはすぐに斗勝にアップグレードすることができます。,"온라인 보상 버튼을 누르면 많은 골드와 경험치를 받아 빠르게 레벨을 올릴 수 있으며, 10분 동안 온라인에서 Dou Sheng으로 빠르게 업그레이드할 수 있습니다."
任务按钮，完成任务可以领取大量金币和经验来快速提升等级，马上就可升级到斗帝。,"Quest button, complete the quest to receive a large amount of gold and experience to quickly level up, immediately upgrade to Dou Di.",任务按钮，完成任务可以领取大量金币和经验来快速提升等级，马上就可升级到斗帝。,,,,,,クエストボタンをクリックし、クエストを完了すると、大量のゴールドと経験値が手に入り、すぐにレベルアップし、すぐに「Dou Di」にアップグレードすることができます。,퀘스트 버튼을 클릭하고 퀘스트를 완료하여 많은 양의 골드와 경험치를 획득하여 빠르게 레벨을 올리고 즉시 도우 디로 업그레이드하세요.
福利多多，最快提升等级的办法，无限升级，成为斗帝的捷径。,"Lots of benefits, the fastest way to level up, unlimited upgrades, and a shortcut to becoming a Dou Di.",福利多多，最快提升等级的办法，无限升级，成为斗帝的捷径。,,,,,,多くの特典、最速のレベルアップ方法、無制限のアップグレード、そしてドウ・ディへの近道。,"다양한 혜택, 가장 빠른 레벨업 방법, 무제한 업그레이드, 더우디가 되는 지름길."
开启防御，不会被队友误伤。,Turn on the defense and you won't be accidentally injured by your teammates.,开启防御，不会被队友误伤。,,,,,,ディフェンスのスイッチを入れて、チームメイトに雑に扱われないように。,수비를 켜고 팀원에게 잘못 처리되지 않도록 하세요.
角色属性，血量、斗气，攻击力会随等级提升而提升。,"Character attributes, blood and fighting spirit, and attack power will increase with level.",角色属性，血量、斗气，攻击力会随等级提升而提升。,,,,,,キャラクターの属性、血と闘志、攻撃力はレベルに応じて上昇する。,"캐릭터 속성, 피와 투지, 공격력은 레벨에 따라 증가합니다."
可快速增加金币直接购买斗技功法。,You can quickly increase your gold coins to directly purchase fighting technique feats.,可快速增加金币直接购买斗技功法。,,,,,,手持ちのゴールドを増やすことで、直接ファイティング・テクニックのフェイトを購入することができる。,금화를 빠르게 늘려 전투 기술과 업적을 직접 구매할 수 있습니다.
介绍完毕，欢迎游戏圈留言。跟我路标走，带你去找斗技、功法。,"With that introduction, feel free to leave a comment in the gaming circle. Follow my signposts and take you to the fighting skills and techniques.",介绍完毕，欢迎游戏圈留言。跟我路标走，带你去找斗技、功法。,,,,,,それでは、ゲームサークルにコメントをお寄せください。私の道しるべをたどって、戦うためのスキルやテクニックへと導いてくれる。,소개를 마치면 게임 서클에 자유롭게 의견을 남겨 주세요. 이정표를 따라가면 전투 기술과 기술을 배울 수 있습니다.
等级免费提升一级,Level up one level for free,等级免费提升一级,,,,,,無料で1レベルアップ,무료로 한 단계 레벨 업
连续消灭2人！势不可当！,Eliminate 2 players in a row! Impossible!,连续消灭2人！势不可当！,,,,,,2人連続で殺せ！止められない！,연속으로 2명을 죽여라! 멈출 수 없다!
连续消灭3人！勇冠三军！,Eliminate 3 players in a row! Champion Warrior!,连续消灭3人！勇冠三军！,,,,,,3人連続で殺せ！三軍を勇敢に制覇せよ！,연속으로 3명을 죽여라! 세 군대를 용감하게 승리하세요!
连续消灭4人！无人能敌！,Eliminate 4 players in a row! Invincible!,连续消灭4人！无人能敌！,,,,,,4人連続で殺せ！比類のない！,연속으로 4명을 죽여라! 타의 추종을 불허합니다!
连续消灭5人！横扫千军！,Eliminate 5 players in a row! Sweep the thousands!,连续消灭5人！横扫千军！,,,,,,5人連続で殺せ！数千の軍隊を掃討せよ！,연속으로 5명을 죽여라! 수천 명의 군대를 쓸어버리세요!
连续消灭6人！接近神了！,Eliminate 6 players in a row! Close to God!,连续消灭6人！接近神了！,,,,,,6人を連続で殺せ！神に近い！,연속으로 6명을 죽여라! 하나님께 가까이!
连续消灭7人！超越神了！,Eliminate 7 people in a row! Beyond God!,连续消灭7人！超越神了！,,,,,,7試合連続の敗退！神を超えて,7회 연속 탈락! 신을 넘어서!
连续消灭,Continuous Annihilation,连续消灭,,,,,,連続消去,연속 탈락
人！超越神了！,Man! Beyond God!,人！超越神了！,,,,,,人だ！神を超えて,여러분! 신을 넘어서!
斗气不足,lack of fighting spirit,斗气不足,,,,,,戦意喪失,투지 부족
升级增加斗气储量,Upgrade to increase Fighting Spirit reserves,升级增加斗气储量,,,,,,闘志の蓄えを増やすアップグレード,업그레이드하여 투지 보유량 증가
已关闭防御,Closed defenses,已关闭防御,,,,,,閉鎖されたディフェンス,폐쇄형 방어
 击败了 , Defeat , 击败了 ,,,,,, 負けた , 패배하다 
你已被 ,You have been ,你已被 ,,,,,,あなたは ,당신은 
 击败, Defeat, 击败,,,,,, 敗北, 패배
击败 ,Defeat ,击败 ,,,,,,敗北 ,패배 
 完成复仇, Complete Revenge, 完成复仇,,,,,, リベンジを果たす, 복수 완료
 等级Lv., Level Lv., 等级Lv.,,,,,, レベルLv., 레벨 Lv.
经验：${Math.round(exp).toFixed(0)}/${((lv + 1) * 100)},Experience: $ {Math.round(exp).toFixed(0)}/${((lv + 1) * 100)},经验：${Math.round(exp).toFixed(0)}/${((lv + 1) * 100)},,,,,,経験：${Math.round(exp).toFixed(0)}/${((lv + 1) * 100)},경험: $ {Math.round(exp).toFixed(0)}/${((lv + 1) * 100)}
攻击力：,ATK:,攻击力：,,,,,,攻撃力：,공격력:
斗气：${curMp}/${maxMp},Fighting spirit: $ {curMp}/${maxMp},斗气：${curMp}/${maxMp},,,,,,ファイティング・スピリット： ${curMp}/${maxMp},투지: $ {curMp}/${maxMp}
血量：${curHp}/${maxHp},Blood: $ {curHp}/${maxHp},血量：${curHp}/${maxHp},,,,,,血液： ${curHp}/${maxHp},혈액: $ {curHp}/${maxHp}
奖励金币：,Reward Coins:,奖励金币：,,,,,,報酬の金貨:,보상 금화:
奖励经验：,Bonus Experience:,奖励经验：,,,,,,ボーナス経験：,보너스 경험:
在线时间不足,Insufficient online time,在线时间不足,,,,,,オンライン時間不足,온라인 시간 부족
已领取奖励,Reward Claimed,已领取奖励,,,,,,受け取った報酬,보상을 받았습니다
随机1,Random 1,随机1,,,,,,ランダム1,무작위 1
个\n永久套装,Individual \n permanent set,个\n永久套装,,,,,,個別パーマセット,개별 및 영구 세트
增加,rise,增加,,,,,,上昇,상승
金币,Gold Coin,金币,,,,,,金,금
经验,EXP,经验,,,,,,経験,경험
获得${coin}金币,Get $ {coin}gold coins,获得${coin}金币,,,,,,{coin}金貨を手に入れる,{coin}금화 받기
等级提升至 ,Level up to ,等级提升至 ,,,,,,レベルアップ ,최대 레벨 업 
获得,Obtain,获得,,,,,,得る,얻다
暂无,None,暂无,,,,,,まだありません,아직 없음
你所在房间内的排行榜。\n点击右侧排行模式按钮会刷新排行榜模式。,Leaderboards in your room. \n Clicking the Ranking Mode button on the right will refresh the leaderboard mode.,你所在房间内的排行榜。\n点击右侧排行模式按钮会刷新排行榜模式。,,,,,,自分の部屋のリーダーボード\右側のランキングモードボタンをクリックすると、リーダーボードモードが更新されます。,내 방의 순위표. \오른쪽의 순위 모드 버튼을 클릭하면 순위표 모드가 새로 고쳐집니다.
房间排行榜,Room Leaderboard,房间排行榜,,,,,,お部屋ランキング,객실 순위
全服前100名\n段位 Lv.等级排行。,The top 100 \n segments in the whole service Lv. level ranking.,全服前100名\n段位 Lv.等级排行。,,,,,,全サービスLv.ランキング上位100位。,전체 서비스 레벨 순위에서 상위 100개 \n 세그먼트입니다.
小手别点太快哟~,Don't touch it too fast!,小手别点太快哟~,,,,,,あまり早くクリックしないこと。,너무 빨리 클릭하지 마세요.
需要花费\n,Need to spend \n,需要花费\n,,,,,,使う必要がある,n을 지출해야 합니다.
金币购买,Coin Purchase,金币购买,,,,,,金貨の購入,금화 구매
确定要花费,Are you sure you want to spend,确定要花费,,,,,,必ず過ごす,꼭 쓰세요
金币\n购买此英雄套装吗？,Gold \n buy this hero set?,金币\n购买此英雄套装吗？,,,,,,このヒーローセットを買うか？,골드 \n 이 영웅 세트를 구매하시겠습니까?
已选择,Selected,已选择,,,,,,選択済み,선택된
购买,Purchase,购买,,,,,,買う,구입하다
别点太快,Don't click too fast.,别点太快,,,,,,あまり急いで注文しないこと。,너무 빨리 클릭하지 마세요.
永久,Permanent,永久,,,,,,永久,영구적인
剩余: ,Remaining: ,剩余: ,,,,,,残り： ,남은 금액: 
小时,Hour,小时,,,,,,時間,시간
天,God,天,,,,,,空,하늘
世界UI,World,世界UI,,,,,,世界UI,월드 UI
蹦床,Trampoline,蹦床,,,,,,トランポリン,트램펄린
不存在这份存档，可能是新玩家,"This archive does not exist, it may be new player",不存在这份存档，可能是新玩家,,,,,,このアーカイブは存在しません。新しいプレーヤーである可能性があります,이 아카이브는 존재하지 않습니다. 새로운 플레이어일 수 있습니다.
"还未装备斗技,去寻找斗技","If you don't have a fighting technique, go find one.","还未装备斗技,去寻找斗技",,,,,,もし戦い方を持っていないのなら、それを探せばいい。,자신만의 격투 기술이 없다면 찾아보세요.
 段斗之气," Duan Dou Qi, a martial art form of Chinese medicine", 段斗之气,,,,,, 中国医学の武術である端道斉," 중국 무술의 한 형태, 두안두기"
 星斗者, astrologer (esp. Daoist), 星斗者,,,,,, せんせいじゅつし, 점성가(특히 도교도)
 星斗师, astrologer (esp. Daoist), 星斗师,,,,,, せんせいじゅつし, 점성가(특히 도교도)
 星大斗师, master of Chinese astronomy, 星大斗师,,,,,, 中国天文学の巨匠, 중국 천문학의 대가
 星斗灵, astrological spirit, 星斗灵,,,,,, 惑星の精神, 지구의 정신
 星斗王, King of Stars, 星斗王,,,,,, キング・オブ・スターズ, 별의 왕
 星斗皇, Star Dou Huang, 星斗皇,,,,,, 黄興道, 싱두 황
 星斗宗, Xingdu sect (Eastern Han dynasty Buddhist sect), 星斗宗,,,,,, 興都派, 싱두교(동한 시대 불교 종파)
 星斗尊," Xtuanzun, Daoist God of the stars", 星斗尊,,,,,, アストラル・プレデター（天文学）," 도교의 별의 신, 쉬퇀쥔"
 星斗圣, Stargate (astronomy), 星斗圣,,,,,, スターゲイト, 스타게이트(종교)
 星斗帝, Sidereal Emperor, 星斗帝,,,,,, シデアル・エンペラー, 항성 황제
张吉惟,Jackie Zhang,张吉惟,,,,,,チャン・ジーウェイ,장지웨이
林国瑞,Lin Guorui,林国瑞,,,,,,林国瑞,린 구오루이
林玫书,Mary Lin,林玫书,,,,,,林美秀,린 메이슈
林雅南,Lin Yanan,林雅南,,,,,,林延安,린 야난
江奕云,Jiang Yiyun,江奕云,,,,,,ジャン・イーユン,지앙이윤
刘柏宏,Patrick Liu,刘柏宏,,,,,,劉白紅,리우 바이홍
阮建安,Nguyen Jian An,阮建安,,,,,,阮建安,루안 지안안
林子帆,Forest Sail,林子帆,,,,,,リン・ジーファン,린지판
夏志豪,Natsume Onna,夏志豪,,,,,,夏志豪,샤 지하오
吉茹定,Jade,吉茹定,,,,,,ギルディン,기루딘
李中冰,Li Zhongbing,李中冰,,,,,,李忠兵,리 종빙
谢彦文,Xie Yanwen,谢彦文,,,,,,謝延文,시에 옌웬
傅智翔,Jixiang Fu,傅智翔,,,,,,傅志祥,푸지샹
洪振霞,Hong Zhenxia,洪振霞,,,,,,ホン・ジェンシア,홍진시아
刘姿婷,CrimsonRose,刘姿婷,,,,,,劉子廷,리우 지팅
荣姿康,Wing Pose,荣姿康,,,,,,栄子康,롱지캉
吕致盈,Lui,吕致盈,,,,,,陸志英,루 지잉
方一强,Fang Yiqiang,方一强,,,,,,ファン・イー強,팡이창
黎芸贵,Le Yugui,黎芸贵,,,,,,李雲貴,리윤귀
郑伊雯,Miss Cheng,郑伊雯,,,,,,ジェン・イーウェン,정이웬
雷进宝,Thunder Treasure,雷进宝,,,,,,雷金宝,레이 진바오
吴美隆,Wu Meilong,吴美隆,,,,,,呉美龍,우 메이롱
吴心真,Wu Xinzhen,吴心真,,,,,,呉新鎮,우신전
王美珠,Miss Wong,王美珠,,,,,,王美珠,왕메이주
郭芳天,Guo Fangtian,郭芳天,,,,,,郭方天,궈팡티엔
李雅惠,Li Yahui,李雅惠,,,,,,リー・ヤフイ,리 야후이
陈文婷,Vincent Chan,陈文婷,,,,,,チェン・ウェンティン,첸 웬팅
曹敏侑,Minyu Cao,曹敏侑,,,,,,曹民佑,조민유
王依婷,King Yiting,王依婷,,,,,,王一廷,왕 이팅
陈婉璇,Miss Chan,陈婉璇,,,,,,チェン・ワンシュアン,첸 완쉬안
吴美玉,Miss Wu,吴美玉,,,,,,ウー・メイユ,우 메이유
蔡依婷,Choi,蔡依婷,,,,,,蔡一廷,카이 이팅
郑昌梦,Zheng Changmeng,郑昌梦,,,,,,鄭長夢,정 창멍
林家纶,Hairstyle,林家纶,,,,,,林佳倫,린 지알룬
黄丽昆,Liquin Wong,黄丽昆,,,,,,黄立坤,황리쿤
李育泉,Li Yuquan,李育泉,,,,,,李育泉,리 위취안
黄芸欢,Louie Wong,黄芸欢,,,,,,黄雲環,황윤환
吴韵如,Wu Yunru,吴韵如,,,,,,ウー・ユンルー,우윤루
李肇芬,Li Zhaofen,李肇芬,,,,,,李兆芬,리 자오펀
卢木仲,Lumicommia,卢木仲,,,,,,盧武忠,루 무종
李成白,Lee Sung-bae,李成白,,,,,,李成白,리청바이
方兆玉,Fang Zhaoyu,方兆玉,,,,,,方昭宇,팡 자오유
刘翊惠,Yihui Liu,刘翊惠,,,,,,リウ・イーフイ,류이후이
丁汉臻,Ding Hanzhen,丁汉臻,,,,,,ディン・ハンジェン,딩 한젠
吴佳瑞,Gary Wu,吴佳瑞,,,,,,呉家瑞,우 지아루이
舒绿珮,Shuluan,舒绿珮,,,,,,シュー・ルペイ,슈 루페이
周白芷,Zhou Baizhao,周白芷,,,,,,周百志,저우바이지
张姿妤,Miss Zhang,张姿妤,,,,,,チャン・ツィユ,장쯔위
张虹伦,Honglun Zhang,张虹伦,,,,,,張紅倫,장홍룬
周琼玫,Chou Qiong-mei,周琼玫,,,,,,周瓊梅,저우 경메이
倪怡芳,Ni Yifang,倪怡芳,,,,,,ニー・イーファン,니 이팡
郭贵妃,Princess Guo,郭贵妃,,,,,,郭貴妃,궈귀페이
杨佩芳,Yang Peifang,杨佩芳,,,,,,ヤン・ペイファン,양페이팡
黄盛玫,Huang Shengmei,黄盛玫,,,,,,黄聖梅,황성메이
郑丽青,Zheng Liqing,郑丽青,,,,,,鄭立清,정 리칭
许智云,Xu Zhiyun,许智云,,,,,,徐志雲,쉬즈윤
张孟涵,Zhang Menghan,张孟涵,,,,,,張孟漢,장멍한
李小爱,Lee,李小爱,,,,,,リー・シャオアイ,리 샤오아이
王恩龙,Wang Enlong,王恩龙,,,,,,王恩龍,왕엔롱
朱政廷,Zhu Zhengting,朱政廷,,,,,,朱政廷,주 정팅(Zhu Zhengting)
邓诗涵,Deng Sihan,邓诗涵,,,,,,鄧師範,덩스한
陈政倩,Chan Jeong-sun,陈政倩,,,,,,チェン・ジェンチェン,첸 정첸
吴俊伯,Uncle Oh,吴俊伯,,,,,,ウー・ジュンボ,우준보
阮馨学,Nguyễn Xinxue,阮馨学,,,,,,阮新雪,루안 신슈에
翁惠珠,Hon Hye-joo,翁惠珠,,,,,,ウェン・ホイジュウ,웽 후이주
吴思翰,Sihan Wu,吴思翰,,,,,,ウー・シハン,우시한
林佩玲,Pamela Lin,林佩玲,,,,,,リン・ペイリング,린 페일링
邓海来,Deng Hailai,邓海来,,,,,,鄧海来,덩 하이라이
陈翊依,Chen Yiyi,陈翊依,,,,,,チェン・イーイー,첸 이이
李建智,Lee Jian-ji,李建智,,,,,,李建志,리 젠지
武淑芬,Takeshi,武淑芬,,,,,,呉書芬,우슈펀
金雅琪,Jackie Kim,金雅琪,,,,,,ジン・ヤキ,진 야치
赖怡宜,Lai Yiyi,赖怡宜,,,,,,ライ・イーイー,라이이이
黄育霖,Yulin Huang,黄育霖,,,,,,黄玉林,황유린
张仪湖,Zhang Yihu,张仪湖,,,,,,チャン・イーフ,장이후
王俊民,Wang Junmin,王俊民,,,,,,王俊民,왕준민
张诗刚,Zhang Shigang,张诗刚,,,,,,張世剛,장시강
林慧颖,Lin Weiying,林慧颖,,,,,,林恵英,린 휘잉
沈俊君,Sunny,沈俊君,,,,,,沈俊君,션 준준
陈淑妤,Sunny Chan,陈淑妤,,,,,,チェン・シュユ,첸 슈유
李姿伶,Li,李姿伶,,,,,,李子陵,리 지링
高咏钰,Wing Wings,高咏钰,,,,,,高龍宇,가오용유
黄彦宜,Huang Yanyi,黄彦宜,,,,,,黄彦宜,황옌이
周孟儒,Zhou Mengju,周孟儒,,,,,,周夢如,저우 멩루
潘欣臻,Pan Xinzhen,潘欣臻,,,,,,潘新鎮,판 신젠
李祯韵,Lee Chan-yun,李祯韵,,,,,,李振雲,리젠윤
叶洁启,Yip Jieqi,叶洁启,,,,,,葉潔琦,예지에치
梁哲宇,Liang Cheol-woo,梁哲宇,,,,,,梁哲宇,리앙 저유
黄晓萍,Huang Xiaoping,黄晓萍,,,,,,黄小平,황샤오핑
杨雅萍,Yang Yaping,杨雅萍,,,,,,ヤン・ヤピン,양야핑
卢志铭,Lu Zhiming,卢志铭,,,,,,陸志明,루 지밍
张茂以,Zhang Maoyu,张茂以,,,,,,チャン・マオイ,장 마오이
林婉婷,Miss Lin,林婉婷,,,,,,リン・ウォンティング,린 원팅
蔡宜芸,Young Choi,蔡宜芸,,,,,,蔡宜芸,카이 이윤
林珮瑜,Lin,林珮瑜,,,,,,リン・ペイユ,린 페이유
黄柏仪,Phellodendron,黄柏仪,,,,,,黄白一,황바이이
周逸珮,Silverstorm,周逸珮,,,,,,周一培,저우이페이
夏雅惠,Harry,夏雅惠,,,,,,シア・ヤフイ,시아 야후이
王采珮,King Crimson,王采珮,,,,,,ワン・ツァイペイ,왕 카이페이
林孟霖,Lin Menglin,林孟霖,,,,,,林夢林,린 멩린
林竹水,Bamboo Water,林竹水,,,,,,林珠水,린 주슈이
王怡乐,Happy Wang,王怡乐,,,,,,王一楽,왕 일레
王爱乐,King Melody,王爱乐,,,,,,ワン・アイル,왕 아일
金佳蓉,Golden Dragon,金佳蓉,,,,,,ジン・ジアロン,진지아롱
韩健毓,Han Jiantao,韩健毓,,,,,,ハン・ジャンユー,한젠위
李士杰,Jet Li,李士杰,,,,,,李世傑,리 시지에
陈董珍,Chan Dong-jin,陈董珍,,,,,,陳東振,첸 동전
苏姿婷,Susan,苏姿婷,,,,,,蘇子亭,쑤 지팅
张政霖,Zhang Zhenglin,张政霖,,,,,,張正林,장정린
李志宏,Lee Chi-hong,李志宏,,,,,,李志紅,리 지홍
陈素达,Sunda Chan,陈素达,,,,,,陳須田,첸 수다
陈虹荣,Chan Hong-rong,陈虹荣,,,,,,チェン・ホンロン,첸 홍롱
何美玲,Alex Ho,何美玲,,,,,,何美玲,헤 메이링
李仪琳,Yilin Lee,李仪琳,,,,,,リー・イーリン,리 이린
张俞幸,Zhang Yuxue,张俞幸,,,,,,張玉興,장 유싱
黄秋萍,Huang Qiuping,黄秋萍,,,,,,黄秋平,황 치우핑
潘吉维,Panjivi,潘吉维,,,,,,パンジビ,판지비
魔兽美杜莎,Beast Medusa,魔兽美杜莎,,,,,,ウォークラフト・メデューサ,워크래프트 메두사
魔兽炫彩蜘蛛,Beast Colorful Spider,魔兽炫彩蜘蛛,,,,,,ウォークラフト・ダズリング・スパイダー,워크래프트 대즐링 스파이더
魔兽蜘蛛精,Beast Spider,魔兽蜘蛛精,,,,,,ウォークラフト・スパイダー・ゴブリン,워크래프트 스파이더 고블린
龙之魔兽,Dragon Beast,龙之魔兽,,,,,,ドラゴン・ビースト,드래곤 비스트
变异布偶,Mutated Doll,变异布偶,,,,,,ミュータント・マペット,돌연변이 머펫
一,One,一,,,,,,一,하나
二,Two,二,,,,,,二,둘
三,Three,三,,,,,,三,삼
四,Four,四,,,,,,四,4개
五,Five,五,,,,,,五,다섯
六,Six,六,,,,,,六,육
七,Seven,七,,,,,,七,일곱
八,Eight,八,,,,,,八,여덟
九,Nine,九,,,,,,九,아홉
十,Ten,十,,,,,,十,열
百,Hundred,百,,,,,,百,백
千,Thousands,千,,,,,,千,천
万,Million,万,,,,,,万,만
亿,Billions,亿,,,,,,1億,1억
零,Zero,零,,,,,,零,영

